fill_rate_0to12h,fill_rate_12to24h,fill_rate_24to36h,fill_rate_36to48h,fill_rate_48to60h,fill_rate_60to72h,quarter,dept,subj_course_id,start_time,end_time,final_waitlist_count,total_seats,final_waitlist_ratio,fill_rate_0to72h
0.25,0.0,0.42,0.17,0.17,0.0,Fa24,cogs,COGS 101B,2024-05-24 08:00:00,2024-09-26 06:00:00,7.0,172.0,0.0406976744186046,1.01
1.25,0.25,0.42,0.08,0.0,0.0,Fa24,cogs,COGS 101A,2024-05-24 08:00:00,2024-09-26 06:00:00,23.0,336.0,0.0684523809523809,2.0
0.33,0.0,0.5,0.17,0.0,0.0,Fa24,cogs,COGS 9,2024-05-24 08:00:00,2024-09-26 06:00:00,45.0,300.0,0.15,1.0
0.5,0.08,0.17,0.08,0.0,0.0,Fa24,cogs,COGS 100,2024-05-24 08:00:00,2024-09-26 06:00:00,1.0,300.0,0.0033333333333333,0.83
0.25,0.08,0.0,0.17,0.0,0.0,Fa24,cogs,COGS 110,2024-05-24 08:00:00,2024-09-26 06:00:00,0.0,90.0,0.0,0.5
0.33,0.17,0.67,0.17,0.0,0.0,Fa24,cogs,COGS 111,2024-05-24 08:00:00,2024-09-26 06:00:00,0.0,200.0,0.0,1.3399999999999999
0.25,0.08,0.83,0.25,0.08,0.0,Fa24,cogs,COGS 112,2024-05-24 08:00:00,2024-09-26 06:00:00,3.0,200.0,0.015,1.49
0.0,0.0,0.0,0.0,0.0,0.0,Fa24,cogs,COGS 107B,2024-05-24 08:00:00,2024-09-26 06:00:00,0.0,160.0,0.0,0.0
0.92,0.0,0.17,0.33,0.0,0.0,Fa24,cogs,COGS 18,2024-05-24 08:00:00,2024-09-26 06:00:00,75.0,630.0,0.119047619047619,1.4200000000000002
0.67,0.08,1.0,0.17,0.08,0.0,Fa24,cogs,COGS 163,2024-05-24 08:00:00,2024-09-26 06:00:00,28.0,50.0,0.56,2.0
0.83,0.17,0.5,0.17,0.08,0.0,Fa24,cogs,COGS 165,2024-05-24 08:00:00,2024-09-26 06:00:00,23.0,50.0,0.46,1.75
2.08,0.25,3.33,1.58,0.67,0.33,Fa24,cogs,COGS 187A,2024-05-24 08:00:00,2024-09-26 06:00:00,47.0,150.0,0.3133333333333333,8.24
0.83,0.17,1.17,0.5,0.08,0.0,Fa24,cogs,COGS 13,2024-05-24 08:00:00,2024-09-26 06:00:00,12.0,400.0,0.03,2.75
0.33,0.0,0.5,0.08,0.08,0.08,Fa24,cogs,COGS 169,2024-05-24 08:00:00,2024-09-26 06:00:00,15.0,40.0,0.375,1.07
0.08,0.0,0.17,0.0,0.0,0.0,Fa24,cogs,COGS 11,2024-05-24 08:00:00,2024-09-26 06:00:00,11.0,156.0,0.0705128205128205,0.25
0.33,0.08,0.25,0.0,0.0,0.0,Fa24,cogs,COGS 10,2024-05-24 08:00:00,2024-09-26 06:00:00,26.0,300.0,0.0866666666666666,0.66
0.25,0.0,0.0,0.0,0.0,0.0,Fa24,cogs,COGS 15,2024-05-24 08:00:00,2024-09-26 06:00:00,0.0,123.0,0.0,0.25
1.08,0.08,0.08,0.0,0.0,0.0,Fa24,cogs,COGS 14A,2024-05-24 08:00:00,2024-09-26 06:00:00,11.0,356.0,0.0308988764044943,1.2400000000000002
0.83,0.17,0.17,-0.17,0.08,0.0,Fa24,cogs,COGS 17,2024-05-24 08:00:00,2024-09-26 06:00:00,19.0,414.0,0.0458937198067632,1.0799999999999998
0.67,0.17,0.25,0.08,0.08,0.08,Fa24,cogs,COGS 14B,2024-05-24 08:00:00,2024-09-26 06:00:00,3.0,250.0,0.012,1.3300000000000003
0.42,0.08,1.0,0.33,0.08,0.08,Fa24,cogs,COGS 123,2024-05-24 08:00:00,2024-09-26 06:00:00,0.0,216.0,0.0,1.9900000000000002
1.0,0.42,2.08,0.58,0.0,0.17,Fa24,cogs,COGS 137,2024-05-24 08:00:00,2024-09-26 06:00:00,38.0,50.0,0.76,4.25
4.08,1.0,4.58,1.67,0.58,0.5,Fa24,cogs,COGS 108,2024-05-24 08:00:00,2024-09-26 06:00:00,176.0,770.0,0.2285714285714285,12.41
1.33,-0.08,0.25,0.17,0.0,0.08,Fa24,cogs,COGS 1,2024-05-24 08:00:00,2024-09-26 06:00:00,50.0,426.0,0.1173708920187793,1.75
0.08,0.0,0.17,0.17,-0.08,0.0,Fa24,cogs,COGS 125,2024-05-24 08:00:00,2024-09-26 06:00:00,0.0,50.0,0.0,0.34
0.0,0.0,0.0,0.0,0.0,0.0,Fa24,cogs,COGS 118B,2024-05-24 08:00:00,2024-09-26 06:00:00,0.0,150.0,0.0,0.0
1.0,0.08,3.92,0.92,0.25,0.17,Fa24,cogs,COGS 118A,2024-05-24 08:00:00,2024-09-26 06:00:00,23.0,172.0,0.1337209302325581,6.34
0.17,0.0,0.17,0.0,0.0,0.0,Fa23,cogs,COGS 116,2023-05-26 08:00:00,2023-09-28 06:00:00,4.0,92.0,0.0434782608695652,0.34
1.5,0.25,1.17,0.25,0.17,0.0,Fa23,cogs,COGS 101A,2023-05-26 08:00:00,2023-09-28 06:00:00,31.0,399.0,0.0776942355889724,3.34
0.0,0.0,0.0,0.0,0.0,0.0,Fa23,cogs,COGS 8,2023-05-26 08:00:00,2023-09-28 06:00:00,2.0,35.0,0.0571428571428571,0.0
0.25,-0.08,0.25,0.0,0.0,0.0,Fa23,cogs,COGS 9,2023-05-26 08:00:00,2023-09-28 06:00:00,76.0,200.0,0.38,0.42
0.58,0.08,0.58,0.17,0.0,0.0,Fa23,cogs,COGS 100,2023-05-26 08:00:00,2023-09-28 06:00:00,25.0,250.0,0.1,1.4099999999999997
0.0,0.0,0.17,0.17,0.0,0.0,Fa23,cogs,COGS 110,2023-05-26 08:00:00,2023-09-28 06:00:00,8.0,70.0,0.1142857142857142,0.34
0.67,0.17,1.58,0.67,0.25,0.0,Fa23,cogs,COGS 111,2023-05-26 08:00:00,2023-09-28 06:00:00,31.0,149.0,0.2080536912751678,3.34
1.08,0.17,1.08,0.25,0.17,0.08,Fa23,cogs,COGS 107A,2023-05-26 08:00:00,2023-09-28 06:00:00,27.0,330.0,0.0818181818181818,2.83
1.25,0.17,0.58,0.17,0.0,0.0,Fa23,cogs,COGS 18,2023-05-26 08:00:00,2023-09-28 06:00:00,103.0,515.0,0.2,2.17
0.0,0.0,0.0,0.0,0.0,0.0,Fa23,cogs,COGS 20,2023-05-26 08:00:00,2023-09-28 06:00:00,1.0,20.0,0.05,0.0
0.08,0.0,0.0,0.08,0.0,0.0,Fa23,cogs,COGS 12,2023-05-26 08:00:00,2023-09-28 06:00:00,4.0,56.0,0.0714285714285714,0.16
0.08,0.0,0.58,0.17,0.0,0.08,Fa23,cogs,COGS 169,2023-05-26 08:00:00,2023-09-28 06:00:00,8.0,50.0,0.16,0.9099999999999999
0.08,0.0,0.5,0.33,0.08,0.0,Fa23,cogs,COGS 143,2023-05-26 08:00:00,2023-09-28 06:00:00,10.0,40.0,0.25,0.9899999999999999
0.25,0.08,0.0,0.08,0.0,0.0,Fa23,cogs,COGS 11,2023-05-26 08:00:00,2023-09-28 06:00:00,12.0,158.0,0.0759493670886076,0.41000000000000003
0.17,0.0,0.17,0.0,0.0,0.0,Fa23,cogs,COGS 15,2023-05-26 08:00:00,2023-09-28 06:00:00,2.0,120.0,0.0166666666666666,0.34
1.42,0.08,0.17,-0.08,-0.08,0.0,Fa23,cogs,COGS 14A,2023-05-26 08:00:00,2023-09-28 06:00:00,45.0,345.0,0.1304347826086956,1.5099999999999998
0.33,0.08,0.83,0.5,0.0,0.0,Fa23,cogs,COGS 153,2023-05-26 08:00:00,2023-09-28 06:00:00,19.0,104.0,0.1826923076923076,1.74
0.67,0.08,0.08,0.25,0.0,0.08,Fa23,cogs,COGS 17,2023-05-26 08:00:00,2023-09-28 06:00:00,75.0,347.0,0.2161383285302593,1.1600000000000001
1.17,0.08,0.33,0.0,0.08,0.0,Fa23,cogs,COGS 14B,2023-05-26 08:00:00,2023-09-28 06:00:00,2.0,245.0,0.0081632653061224,1.6600000000000001
1.0,0.5,2.92,0.5,0.08,0.08,Fa23,cogs,COGS 137,2023-05-26 08:00:00,2023-09-28 06:00:00,31.0,70.0,0.4428571428571428,5.08
0.67,0.0,0.42,0.08,0.0,0.0,Fa23,cogs,COGS 3,2023-05-26 08:00:00,2023-09-28 06:00:00,29.0,180.0,0.1611111111111111,1.1700000000000002
4.0,1.33,6.5,3.5,0.83,0.17,Fa23,cogs,COGS 108,2023-05-26 08:00:00,2023-09-28 06:00:00,203.0,663.0,0.306184012066365,16.330000000000002
1.5,0.83,4.08,1.92,0.58,0.17,Fa23,cogs,COGS 120,2023-05-26 08:00:00,2023-09-28 06:00:00,52.0,216.0,0.2407407407407407,9.08
0.92,0.08,0.17,0.33,0.0,0.08,Fa23,cogs,COGS 1,2023-05-26 08:00:00,2023-09-28 06:00:00,118.0,392.0,0.3010204081632653,1.58
0.25,0.08,0.75,0.08,0.08,-0.08,Fa23,cogs,COGS 124,2023-05-26 08:00:00,2023-09-28 06:00:00,2.0,25.0,0.08,1.1600000000000001
0.33,0.25,1.17,0.42,0.0,0.17,Fa23,cogs,COGS 118A,2023-05-26 08:00:00,2023-09-28 06:00:00,0.0,158.0,0.0,2.34
0.0,0.0,0.25,0.0,0.0,0.0,Fa22,cogs,COGS 116,2022-05-20 08:00:00,2022-09-22 06:00:00,0.0,156.0,0.0,0.25
1.42,0.08,1.0,0.67,0.25,0.25,Fa22,cogs,COGS 101B,2022-05-20 08:00:00,2022-09-22 06:00:00,22.0,180.0,0.1222222222222222,3.67
0.08,0.0,0.5,0.0,0.0,0.0,Fa22,cogs,COGS 101C,2022-05-20 08:00:00,2022-09-22 06:00:00,0.0,150.0,0.0,0.58
0.67,0.25,0.5,0.25,0.25,0.25,Fa22,cogs,COGS 101A,2022-05-20 08:00:00,2022-09-22 06:00:00,23.0,326.0,0.0705521472392638,2.17
0.83,0.17,1.25,0.58,0.17,0.08,Fa22,cogs,COGS 100,2022-05-20 08:00:00,2022-09-22 06:00:00,38.0,300.0,0.1266666666666666,3.08
0.08,0.0,0.42,0.0,0.08,0.0,Fa22,cogs,COGS 110,2022-05-20 08:00:00,2022-09-22 06:00:00,9.0,70.0,0.1285714285714285,0.58
1.83,0.25,1.17,0.67,0.25,0.0,Fa22,cogs,COGS 107A,2022-05-20 08:00:00,2022-09-22 06:00:00,30.0,370.0,0.081081081081081,4.17
1.08,0.33,0.92,0.67,0.08,0.0,Fa22,cogs,COGS 18,2022-05-20 08:00:00,2022-09-22 06:00:00,52.0,315.0,0.165079365079365,3.08
0.0,0.0,0.0,0.0,0.0,0.0,Fa22,cogs,COGS 20,2022-05-20 08:00:00,2022-09-22 06:00:00,5.0,15.0,0.3333333333333333,0.0
1.17,0.0,2.42,0.83,0.42,0.08,Fa22,cogs,COGS 187A,2022-05-20 08:00:00,2022-09-22 06:00:00,44.0,145.0,0.3034482758620689,4.92
0.42,0.0,0.67,0.17,0.08,0.08,Fa22,cogs,COGS 143,2022-05-20 08:00:00,2022-09-22 06:00:00,13.0,40.0,0.325,1.4200000000000002
0.25,0.08,0.0,0.0,0.0,0.0,Fa22,cogs,COGS 11,2022-05-20 08:00:00,2022-09-22 06:00:00,3.0,150.0,0.02,0.33
0.08,0.17,0.33,0.17,0.0,0.08,Fa22,cogs,COGS 10,2022-05-20 08:00:00,2022-09-22 06:00:00,33.0,300.0,0.11,0.8300000000000001
0.0,0.08,0.17,0.0,-0.08,-0.08,Fa22,cogs,COGS 15,2022-05-20 08:00:00,2022-09-22 06:00:00,0.0,120.0,0.0,0.08999999999999998
0.67,0.08,0.0,0.25,0.08,0.08,Fa22,cogs,COGS 14A,2022-05-20 08:00:00,2022-09-22 06:00:00,24.0,263.0,0.091254752851711,1.1600000000000001
0.67,0.17,0.17,0.0,0.0,0.08,Fa22,cogs,COGS 17,2022-05-20 08:00:00,2022-09-22 06:00:00,55.0,319.0,0.1724137931034483,1.09
0.42,0.08,0.25,0.08,0.0,0.08,Fa22,cogs,COGS 14B,2022-05-20 08:00:00,2022-09-22 06:00:00,2.0,169.0,0.0118343195266272,0.9099999999999999
0.08,0.0,0.08,0.0,0.08,0.0,Fa22,cogs,COGS 2,2022-05-20 08:00:00,2022-09-22 06:00:00,19.0,192.0,0.0989583333333333,0.24
0.25,0.0,0.17,0.17,0.0,0.0,Fa22,cogs,COGS 3,2022-05-20 08:00:00,2022-09-22 06:00:00,19.0,175.0,0.1085714285714285,0.5900000000000001
2.5,0.67,5.83,2.58,0.83,0.42,Fa22,cogs,COGS 108,2022-05-20 08:00:00,2022-09-22 06:00:00,128.0,417.0,0.3069544364508393,12.83
1.33,1.0,3.92,2.0,0.25,0.08,Fa22,cogs,COGS 120,2022-05-20 08:00:00,2022-09-22 06:00:00,31.0,200.0,0.155,8.58
0.67,0.08,0.5,0.25,0.0,0.17,Fa22,cogs,COGS 1,2022-05-20 08:00:00,2022-09-22 06:00:00,88.0,417.0,0.211031175059952,1.67
0.58,0.33,2.5,0.5,0.75,0.0,Fa22,cogs,COGS 118B,2022-05-20 08:00:00,2022-09-22 06:00:00,0.0,210.0,0.0,4.66
0.42,0.17,0.92,0.33,2.17,0.25,Wi23,cogs,COGS 101B,2022-11-07 08:00:00,2023-01-09 06:00:00,0.0,300.0,0.0,4.26
0.25,0.0,0.5,0.08,0.5,0.17,Wi23,cogs,COGS 101C,2022-11-07 08:00:00,2023-01-09 06:00:00,0.0,150.0,0.0,1.5
0.5,0.08,0.75,0.08,1.17,0.08,Wi23,cogs,COGS 115,2022-11-07 08:00:00,2023-01-09 06:00:00,8.0,68.0,0.1176470588235294,2.66
1.92,0.17,2.17,0.33,5.17,0.75,Wi23,cogs,COGS 101A,2022-11-07 08:00:00,2023-01-09 06:00:00,53.0,360.0,0.1472222222222222,10.51
0.0,0.08,0.25,0.08,1.92,0.5,Wi23,cogs,COGS 9,2022-11-07 08:00:00,2023-01-09 06:00:00,38.0,210.0,0.1809523809523809,2.83
1.83,0.33,1.25,0.17,2.25,-0.08,Wi23,cogs,COGS 100,2022-11-07 08:00:00,2023-01-09 06:00:00,5.0,335.0,0.0149253731343283,5.75
2.08,0.33,2.5,0.25,2.83,0.17,Wi23,cogs,COGS 111,2022-11-07 08:00:00,2023-01-09 06:00:00,13.0,180.0,0.0722222222222222,8.16
1.17,0.0,0.92,0.08,2.33,0.33,Wi23,cogs,COGS 107A,2022-11-07 08:00:00,2023-01-09 06:00:00,0.0,360.0,0.0,4.83
2.0,0.42,4.5,0.92,4.75,0.0,Wi23,cogs,COGS 107B,2022-11-07 08:00:00,2023-01-09 06:00:00,15.0,278.0,0.0539568345323741,12.59
1.08,0.33,1.58,0.5,0.83,0.08,Wi23,cogs,COGS 189,2022-11-07 08:00:00,2023-01-09 06:00:00,0.0,200.0,0.0,4.4
3.58,0.33,3.42,0.75,4.67,0.67,Wi23,cogs,COGS 18,2022-11-07 08:00:00,2023-01-09 06:00:00,83.0,315.0,0.2634920634920635,13.42
0.75,0.08,1.42,0.25,1.17,0.08,Wi23,cogs,COGS 163,2022-11-07 08:00:00,2023-01-09 06:00:00,16.0,70.0,0.2285714285714285,3.75
0.83,0.33,1.42,0.25,1.42,0.0,Wi23,cogs,COGS 172,2022-11-07 08:00:00,2023-01-09 06:00:00,12.0,130.0,0.0923076923076923,4.25
1.33,0.33,2.0,0.58,1.33,0.0,Wi23,cogs,COGS 165,2022-11-07 08:00:00,2023-01-09 06:00:00,10.0,75.0,0.1333333333333333,5.57
2.25,0.17,1.67,0.08,3.67,0.17,Wi23,cogs,COGS 13,2022-11-07 08:00:00,2023-01-09 06:00:00,60.0,250.0,0.24,8.01
1.25,0.67,4.42,0.17,1.83,-0.08,Wi23,cogs,COGS 187B,2022-11-07 08:00:00,2023-01-09 06:00:00,18.0,100.0,0.18,8.26
1.83,0.25,2.25,0.25,0.33,0.0,Wi23,cogs,COGS 181,2022-11-07 08:00:00,2023-01-09 06:00:00,1.0,120.0,0.0083333333333333,4.91
0.42,0.17,0.33,0.08,1.0,0.17,Wi23,cogs,COGS 156,2022-11-07 08:00:00,2023-01-09 06:00:00,0.0,75.0,0.0,2.17
0.83,0.17,0.42,0.0,1.25,0.17,Wi23,cogs,COGS 14A,2022-11-07 08:00:00,2023-01-09 06:00:00,3.0,314.0,0.0095541401273885,2.84
0.75,0.0,0.5,0.0,0.5,0.08,Wi23,cogs,COGS 17,2022-11-07 08:00:00,2023-01-09 06:00:00,45.0,398.0,0.1130653266331658,1.83
0.67,0.17,1.08,0.58,3.0,0.33,Wi23,cogs,COGS 14B,2022-11-07 08:00:00,2023-01-09 06:00:00,34.0,185.0,0.1837837837837838,5.83
1.33,0.42,3.17,0.67,3.42,0.25,Wi23,cogs,COGS 123,2022-11-07 08:00:00,2023-01-09 06:00:00,3.0,160.0,0.01875,9.26
1.92,0.75,0.25,0.0,0.0,0.0,Wi23,cogs,COGS 137,2022-11-07 08:00:00,2023-01-09 06:00:00,8.0,70.0,0.1142857142857142,2.92
6.75,1.33,14.33,2.75,9.75,0.0,Wi23,cogs,COGS 108,2022-11-07 08:00:00,2023-01-09 06:00:00,143.0,420.0,0.3404761904761905,34.91
1.75,0.08,0.58,0.25,2.33,0.58,Wi23,cogs,COGS 1,2022-11-07 08:00:00,2023-01-09 06:00:00,72.0,410.0,0.1756097560975609,5.57
2.0,0.42,1.75,0.0,0.0,0.0,Wi23,cogs,COGS 118C,2022-11-07 08:00:00,2023-01-09 06:00:00,7.0,70.0,0.1,4.17
0.17,0.08,0.5,-0.08,0.25,0.0,Wi23,cogs,COGS 124,2022-11-07 08:00:00,2023-01-09 06:00:00,1.0,25.0,0.04,0.92
0.33,0.33,0.83,0.0,0.25,0.0,Wi23,cogs,COGS 126,2022-11-07 08:00:00,2023-01-09 06:00:00,0.0,40.0,0.0,1.74
1.58,0.42,4.42,0.25,1.67,0.08,Wi23,cogs,COGS 118A,2022-11-07 08:00:00,2023-01-09 06:00:00,0.0,240.0,0.0,8.42
4.17,1.92,3.92,0.0,0.0,0.0,Wi23,cogs,COGS 127,2022-11-07 08:00:00,2023-01-09 06:00:00,79.0,120.0,0.6583333333333333,10.01
1.42,0.33,0.75,0.58,3.08,0.83,Wi24,cogs,COGS 101B,2023-11-14 08:00:00,2024-01-08 06:00:00,25.0,210.0,0.119047619047619,6.99
0.92,0.25,0.83,0.25,2.42,0.92,Wi24,cogs,COGS 101A,2023-11-14 08:00:00,2024-01-08 06:00:00,16.0,350.0,0.0457142857142857,5.59
0.0,0.0,0.0,0.0,0.0,0.0,Wi24,cogs,COGS 8,2023-11-14 08:00:00,2024-01-08 06:00:00,4.0,35.0,0.1142857142857142,0.0
0.5,0.0,0.25,0.0,0.67,0.33,Wi24,cogs,COGS 9,2023-11-14 08:00:00,2024-01-08 06:00:00,15.0,300.0,0.05,1.75
1.17,0.08,0.58,0.08,1.33,0.25,Wi24,cogs,COGS 100,2023-11-14 08:00:00,2024-01-08 06:00:00,0.0,350.0,0.0,3.49
1.25,0.5,2.08,0.17,1.58,0.25,Wi24,cogs,COGS 111,2023-11-14 08:00:00,2024-01-08 06:00:00,38.0,200.0,0.19,5.83
5.42,1.33,9.25,1.58,9.08,0.0,Wi24,cogs,COGS 107B,2023-11-14 08:00:00,2024-01-08 06:00:00,117.0,342.0,0.3421052631578947,26.659999999999997
2.0,0.25,1.42,0.58,4.17,0.58,Wi24,cogs,COGS 18,2023-11-14 08:00:00,2024-01-08 06:00:00,40.0,630.0,0.0634920634920634,9.0
1.0,0.17,1.83,0.5,2.08,0.08,Wi24,cogs,COGS 163,2023-11-14 08:00:00,2024-01-08 06:00:00,14.0,100.0,0.14,5.66
0.17,0.0,0.42,0.0,0.17,0.0,Wi24,cogs,COGS 177,2023-11-14 08:00:00,2024-01-08 06:00:00,0.0,132.0,0.0,0.76
0.42,0.08,1.08,0.25,1.0,0.0,Wi24,cogs,COGS 172,2023-11-14 08:00:00,2024-01-08 06:00:00,0.0,192.0,0.0,2.83
1.58,0.33,3.75,0.5,1.83,0.0,Wi24,cogs,COGS 164,2023-11-14 08:00:00,2024-01-08 06:00:00,35.0,96.0,0.3645833333333333,7.99
0.5,0.17,2.0,0.5,1.42,0.08,Wi24,cogs,COGS 165,2023-11-14 08:00:00,2024-01-08 06:00:00,2.0,54.0,0.037037037037037,4.67
2.58,0.25,3.0,0.58,4.67,0.92,Wi24,cogs,COGS 13,2023-11-14 08:00:00,2024-01-08 06:00:00,100.0,350.0,0.2857142857142857,12.0
0.25,0.0,0.08,0.0,0.33,0.08,Wi24,cogs,COGS 11,2023-11-14 08:00:00,2024-01-08 06:00:00,3.0,149.0,0.0201342281879194,0.74
0.67,0.25,1.67,0.17,0.75,0.25,Wi24,cogs,COGS 187B,2023-11-14 08:00:00,2024-01-08 06:00:00,0.0,104.0,0.0,3.76
1.75,0.25,0.67,0.33,1.92,0.25,Wi24,cogs,COGS 10,2023-11-14 08:00:00,2024-01-08 06:00:00,51.0,328.0,0.1554878048780487,5.17
1.67,0.67,1.83,-0.17,0.92,0.08,Wi24,cogs,COGS 181,2023-11-14 08:00:00,2024-01-08 06:00:00,7.0,120.0,0.0583333333333333,5.0
0.17,0.0,0.33,0.0,0.17,0.0,Wi24,cogs,COGS 156,2023-11-14 08:00:00,2024-01-08 06:00:00,0.0,75.0,0.0,0.67
2.42,0.0,1.08,0.08,2.17,0.75,Wi24,cogs,COGS 14A,2023-11-14 08:00:00,2024-01-08 06:00:00,79.0,300.0,0.2633333333333333,6.5
0.5,0.0,1.17,0.0,1.08,0.17,Wi24,cogs,COGS 153,2023-11-14 08:00:00,2024-01-08 06:00:00,9.0,115.0,0.0782608695652174,2.92
1.5,0.17,0.67,0.08,0.92,0.17,Wi24,cogs,COGS 17,2023-11-14 08:00:00,2024-01-08 06:00:00,33.0,360.0,0.0916666666666666,3.51
0.83,0.08,0.5,0.17,2.33,0.33,Wi24,cogs,COGS 14B,2023-11-14 08:00:00,2024-01-08 06:00:00,33.0,200.0,0.165,4.24
2.17,0.33,1.58,0.0,0.0,0.0,Wi24,cogs,COGS 150,2023-11-14 08:00:00,2024-01-08 06:00:00,20.0,50.0,0.4,4.08
3.42,0.83,6.0,1.33,1.33,-0.08,Wi24,cogs,COGS 123,2023-11-14 08:00:00,2024-01-08 06:00:00,47.0,200.0,0.235,12.83
0.67,0.08,0.17,0.08,0.33,0.08,Wi24,cogs,COGS 2,2023-11-14 08:00:00,2024-01-08 06:00:00,7.0,270.0,0.0259259259259259,1.4100000000000001
8.92,2.42,17.5,3.5,22.25,0.0,Wi24,cogs,COGS 108,2023-11-14 08:00:00,2024-01-08 06:00:00,189.0,656.0,0.2881097560975609,54.59
2.92,0.17,0.5,0.0,1.5,0.58,Wi24,cogs,COGS 1,2023-11-14 08:00:00,2024-01-08 06:00:00,91.0,417.0,0.2182254196642686,5.67
4.0,0.67,7.33,1.25,1.33,0.0,Wi24,cogs,COGS 118B,2023-11-14 08:00:00,2024-01-08 06:00:00,64.0,175.0,0.3657142857142857,14.58
1.5,0.25,2.42,0.0,0.0,0.0,Wi24,cogs,COGS 118C,2023-11-14 08:00:00,2024-01-08 06:00:00,32.0,50.0,0.64,4.17
0.92,0.0,0.42,0.17,1.08,0.08,Wi25,cogs,COGS 116,2024-11-12 08:00:00,2025-01-06 06:00:00,5.0,70.0,0.0714285714285714,2.67
0.58,0.0,0.92,0.08,1.08,0.17,Wi25,cogs,COGS 101B,2024-11-12 08:00:00,2025-01-06 06:00:00,1.0,196.0,0.0051020408163265,2.83
0.58,0.17,1.0,0.33,1.83,0.25,Wi25,cogs,COGS 115,2024-11-12 08:00:00,2025-01-06 06:00:00,11.0,60.0,0.1833333333333333,4.16
1.25,0.17,0.67,0.17,1.58,0.33,Wi25,cogs,COGS 101A,2024-11-12 08:00:00,2025-01-06 06:00:00,2.0,350.0,0.0057142857142857,4.17
0.75,0.17,0.5,0.17,0.42,0.08,Wi25,cogs,COGS 9,2024-11-12 08:00:00,2025-01-06 06:00:00,0.0,329.0,0.0,2.09
0.92,0.17,0.25,0.17,0.75,0.25,Wi25,cogs,COGS 100,2024-11-12 08:00:00,2025-01-06 06:00:00,2.0,350.0,0.0057142857142857,2.51
0.58,0.42,0.83,0.17,1.0,0.0,Wi25,cogs,COGS 111,2024-11-12 08:00:00,2025-01-06 06:00:00,0.0,200.0,0.0,3.0
5.0,0.83,5.25,0.75,7.83,1.42,Wi25,cogs,COGS 107A,2024-11-12 08:00:00,2025-01-06 06:00:00,41.0,410.0,0.1,21.08
1.25,0.25,1.25,0.08,1.75,0.0,Wi25,cogs,COGS 107B,2024-11-12 08:00:00,2025-01-06 06:00:00,0.0,328.0,0.0,4.58
2.42,0.92,4.42,0.17,2.25,0.25,Wi25,cogs,COGS 189,2024-11-12 08:00:00,2025-01-06 06:00:00,12.0,200.0,0.06,10.43
2.33,0.5,1.67,0.08,2.83,0.25,Wi25,cogs,COGS 18,2024-11-12 08:00:00,2025-01-06 06:00:00,80.0,315.0,0.2539682539682539,7.66
1.33,1.25,3.67,0.33,1.42,0.08,Wi25,cogs,COGS 188,2024-11-12 08:00:00,2025-01-06 06:00:00,1.0,132.0,0.0075757575757575,8.08
0.83,0.17,0.25,0.0,1.25,0.17,Wi25,cogs,COGS 177,2024-11-12 08:00:00,2025-01-06 06:00:00,1.0,120.0,0.0083333333333333,2.67
1.67,0.58,3.75,0.5,1.0,0.0,Wi25,cogs,COGS 164,2024-11-12 08:00:00,2025-01-06 06:00:00,23.0,90.0,0.2555555555555555,7.5
0.67,0.17,0.42,0.17,2.0,0.25,Wi25,cogs,COGS 13,2024-11-12 08:00:00,2025-01-06 06:00:00,4.0,410.0,0.0097560975609756,3.6799999999999997
0.17,0.0,0.25,0.0,0.08,0.0,Wi25,cogs,COGS 155,2024-11-12 08:00:00,2025-01-06 06:00:00,0.0,50.0,0.0,0.5
0.5,0.08,0.0,0.08,0.25,0.0,Wi25,cogs,COGS 11,2024-11-12 08:00:00,2025-01-06 06:00:00,1.0,150.0,0.0066666666666666,0.9099999999999999
2.5,1.08,4.25,0.5,0.0,0.0,Wi25,cogs,COGS 187B,2024-11-12 08:00:00,2025-01-06 06:00:00,20.0,100.0,0.2,8.33
1.83,0.25,0.92,0.08,1.17,0.08,Wi25,cogs,COGS 10,2024-11-12 08:00:00,2025-01-06 06:00:00,17.0,328.0,0.0518292682926829,4.33
2.25,0.75,1.92,0.17,0.83,0.25,Wi25,cogs,COGS 181,2024-11-12 08:00:00,2025-01-06 06:00:00,11.0,106.0,0.1037735849056603,6.17
0.42,0.08,0.5,0.0,0.42,0.17,Wi25,cogs,COGS 156,2024-11-12 08:00:00,2025-01-06 06:00:00,0.0,75.0,0.0,1.5899999999999999
1.0,0.0,0.08,0.08,1.42,0.58,Wi25,cogs,COGS 14A,2024-11-12 08:00:00,2025-01-06 06:00:00,30.0,300.0,0.1,3.16
0.5,0.58,1.0,0.25,0.83,0.17,Wi25,cogs,COGS 153,2024-11-12 08:00:00,2025-01-06 06:00:00,2.0,146.0,0.0136986301369863,3.33
1.17,0.17,0.17,0.08,1.08,0.08,Wi25,cogs,COGS 17,2024-11-12 08:00:00,2025-01-06 06:00:00,19.0,360.0,0.0527777777777777,2.75
0.75,0.0,0.5,0.33,1.17,0.33,Wi25,cogs,COGS 14B,2024-11-12 08:00:00,2025-01-06 06:00:00,3.0,250.0,0.012,3.08
0.08,0.17,0.08,0.0,0.17,0.0,Wi25,cogs,COGS 144,2024-11-12 08:00:00,2025-01-06 06:00:00,0.0,50.0,0.0,0.5
0.42,0.0,0.0,0.0,0.0,0.0,Wi25,cogs,COGS 122,2024-11-12 08:00:00,2025-01-06 06:00:00,13.0,44.0,0.2954545454545454,0.42
6.25,2.75,11.33,2.33,22.33,3.42,Wi25,cogs,COGS 108,2024-11-12 08:00:00,2025-01-06 06:00:00,149.0,820.0,0.1817073170731707,48.41
2.5,0.75,5.25,0.67,5.92,0.25,Wi25,cogs,COGS 120,2024-11-12 08:00:00,2025-01-06 06:00:00,47.0,180.0,0.2611111111111111,15.34
1.5,0.0,0.5,0.17,2.42,0.33,Wi25,cogs,COGS 1,2024-11-12 08:00:00,2025-01-06 06:00:00,43.0,417.0,0.1031175059952038,4.92
1.92,0.75,2.92,0.67,0.0,0.0,Wi25,cogs,COGS 118C,2024-11-12 08:00:00,2025-01-06 06:00:00,37.0,75.0,0.4933333333333333,6.26
0.08,0.17,0.33,0.08,0.25,0.0,Wi25,cogs,COGS 126,2024-11-12 08:00:00,2025-01-06 06:00:00,0.0,50.0,0.0,0.91
4.83,2.25,10.08,2.17,0.0,0.0,Wi25,cogs,COGS 127,2024-11-12 08:00:00,2025-01-06 06:00:00,83.0,230.0,0.3608695652173913,19.33
1.67,0.17,0.17,0.0,1.75,0.42,Sp25,cogs,COGS 101B,2025-02-15 08:00:00,2025-03-31 06:00:00,48.0,200.0,0.24,4.18
0.67,0.08,0.08,0.0,0.5,0.0,Sp25,cogs,COGS 101C,2025-02-15 08:00:00,2025-03-31 06:00:00,1.0,150.0,0.0066666666666666,1.33
0.25,0.0,0.0,0.0,0.08,0.08,Sp25,cogs,COGS 101A,2025-02-15 08:00:00,2025-03-31 06:00:00,0.0,196.0,0.0,0.41000000000000003
0.33,0.0,0.08,0.0,0.33,0.17,Sp25,cogs,COGS 9,2025-02-15 08:00:00,2025-03-31 06:00:00,0.0,300.0,0.0,0.91
1.08,0.08,0.0,0.0,0.67,0.0,Sp25,cogs,COGS 100,2025-02-15 08:00:00,2025-03-31 06:00:00,0.0,336.0,0.0,1.83
2.08,0.58,0.08,0.17,2.92,0.58,Sp25,cogs,COGS 112,2025-02-15 08:00:00,2025-03-31 06:00:00,10.0,200.0,0.05,6.41
0.92,0.08,0.08,0.0,1.42,0.17,Sp25,cogs,COGS 107A,2025-02-15 08:00:00,2025-03-31 06:00:00,9.0,336.0,0.0267857142857142,2.67
2.58,0.08,0.33,0.0,3.0,0.42,Sp25,cogs,COGS 107B,2025-02-15 08:00:00,2025-03-31 06:00:00,57.0,150.0,0.38,6.41
2.83,0.17,0.08,0.0,1.5,0.5,Sp25,cogs,COGS 18,2025-02-15 08:00:00,2025-03-31 06:00:00,91.0,630.0,0.1444444444444444,5.08
1.75,0.42,0.17,0.08,3.42,0.5,Sp25,cogs,COGS 107C,2025-02-15 08:00:00,2025-03-31 06:00:00,13.0,146.0,0.0890410958904109,6.34
1.08,0.08,0.08,0.08,1.33,0.08,Sp25,cogs,COGS 172,2025-02-15 08:00:00,2025-03-31 06:00:00,7.0,200.0,0.035,2.7300000000000004
1.17,0.0,0.0,0.08,5.5,1.33,Sp25,cogs,COGS 187A,2025-02-15 08:00:00,2025-03-31 06:00:00,54.0,149.0,0.3624161073825503,8.08
1.0,0.08,0.08,0.0,0.75,0.17,Sp25,cogs,COGS 13,2025-02-15 08:00:00,2025-03-31 06:00:00,4.0,296.0,0.0135135135135135,2.08
0.25,0.08,0.0,0.0,0.58,0.25,Sp25,cogs,COGS 143,2025-02-15 08:00:00,2025-03-31 06:00:00,5.0,50.0,0.1,1.16
0.42,0.08,0.0,0.17,0.17,0.08,Sp25,cogs,COGS 11,2025-02-15 08:00:00,2025-03-31 06:00:00,7.0,140.0,0.05,0.92
0.0,0.0,0.08,0.0,0.42,0.08,Sp25,cogs,COGS 142,2025-02-15 08:00:00,2025-03-31 06:00:00,0.0,50.0,0.0,0.58
0.92,0.33,0.0,0.0,2.17,0.17,Sp25,cogs,COGS 185,2025-02-15 08:00:00,2025-03-31 06:00:00,0.0,100.0,0.0,3.59
0.33,0.0,0.08,0.0,0.25,0.08,Sp25,cogs,COGS 184,2025-02-15 08:00:00,2025-03-31 06:00:00,1.0,50.0,0.02,0.74
1.17,0.17,0.08,0.0,0.17,0.08,Sp25,cogs,COGS 14A,2025-02-15 08:00:00,2025-03-31 06:00:00,30.0,366.0,0.081967213114754,1.67
0.5,0.08,0.0,0.0,1.08,0.08,Sp25,cogs,COGS 179,2025-02-15 08:00:00,2025-03-31 06:00:00,14.0,50.0,0.28,1.7400000000000002
1.0,0.08,0.0,0.0,0.08,0.17,Sp25,cogs,COGS 17,2025-02-15 08:00:00,2025-03-31 06:00:00,14.0,410.0,0.0341463414634146,1.33
0.75,0.0,0.08,0.0,0.33,0.0,Sp25,cogs,COGS 14B,2025-02-15 08:00:00,2025-03-31 06:00:00,0.0,277.0,0.0,1.16
1.42,0.5,0.33,0.08,2.92,0.17,Sp25,cogs,COGS 150,2025-02-15 08:00:00,2025-03-31 06:00:00,19.0,149.0,0.1275167785234899,5.42
0.42,0.17,0.0,0.08,0.58,0.17,Sp25,cogs,COGS 2,2025-02-15 08:00:00,2025-03-31 06:00:00,2.0,295.0,0.0067796610169491,1.42
3.17,1.17,0.25,0.17,7.17,1.92,Sp25,cogs,COGS 108,2025-02-15 08:00:00,2025-03-31 06:00:00,72.0,760.0,0.0947368421052631,13.85
1.0,0.08,0.17,0.0,0.33,0.0,Sp25,cogs,COGS 1,2025-02-15 08:00:00,2025-03-31 06:00:00,7.0,417.0,0.0167865707434052,1.58
0.58,0.0,0.08,0.0,1.67,0.25,Sp25,cogs,COGS 125,2025-02-15 08:00:00,2025-03-31 06:00:00,10.0,50.0,0.2,2.58
1.25,0.75,0.08,0.0,0.0,0.0,Sp25,cogs,COGS 124,2025-02-15 08:00:00,2025-03-31 06:00:00,12.0,25.0,0.48,2.08
1.33,0.33,0.08,0.0,1.83,0.5,Sp23,cogs,COGS 101B,2023-02-18 08:00:00,2023-04-03 06:00:00,49.0,259.0,0.1891891891891892,4.07
0.25,0.0,0.0,0.0,0.25,0.0,Sp23,cogs,COGS 101A,2023-02-18 08:00:00,2023-04-03 06:00:00,25.0,120.0,0.2083333333333333,0.5
0.0,0.0,0.0,0.0,0.0,0.0,Sp23,cogs,COGS 8,2023-02-18 08:00:00,2023-04-03 06:00:00,0.0,35.0,0.0,0.0
0.33,0.0,0.0,0.08,0.17,0.17,Sp23,cogs,COGS 9,2023-02-18 08:00:00,2023-04-03 06:00:00,11.0,291.0,0.0378006872852233,0.7500000000000001
0.58,0.17,0.08,0.0,0.92,0.08,Sp23,cogs,COGS 100,2023-02-18 08:00:00,2023-04-03 06:00:00,35.0,301.0,0.1162790697674418,1.83
0.08,0.0,0.17,0.0,0.42,0.17,Sp23,cogs,COGS 138,2023-02-18 08:00:00,2023-04-03 06:00:00,5.0,40.0,0.125,0.84
2.25,0.75,0.25,0.25,5.92,1.08,Sp23,cogs,COGS 112,2023-02-18 08:00:00,2023-04-03 06:00:00,60.0,172.0,0.3488372093023256,10.5
1.42,0.08,0.0,0.0,1.0,0.17,Sp23,cogs,COGS 107A,2023-02-18 08:00:00,2023-04-03 06:00:00,31.0,302.0,0.1026490066225165,2.67
4.08,0.5,0.42,0.0,2.92,0.5,Sp23,cogs,COGS 18,2023-02-18 08:00:00,2023-04-03 06:00:00,122.0,315.0,0.3873015873015873,8.42
1.42,0.0,0.08,0.0,1.67,0.42,Sp23,cogs,COGS 107C,2023-02-18 08:00:00,2023-04-03 06:00:00,9.0,180.0,0.05,3.59
2.33,0.58,0.5,0.0,4.17,0.75,Sp23,cogs,COGS 164,2023-02-18 08:00:00,2023-04-03 06:00:00,14.0,143.0,0.0979020979020979,8.33
0.08,0.08,0.0,0.0,0.17,0.08,Sp23,cogs,COGS 12,2023-02-18 08:00:00,2023-04-03 06:00:00,1.0,50.0,0.02,0.41000000000000003
2.0,0.17,0.0,0.0,1.17,0.08,Sp23,cogs,COGS 13,2023-02-18 08:00:00,2023-04-03 06:00:00,63.0,250.0,0.252,3.42
0.0,0.08,0.0,0.0,0.67,0.17,Sp23,cogs,COGS 155,2023-02-18 08:00:00,2023-04-03 06:00:00,10.0,50.0,0.2,0.92
0.0,0.0,0.0,0.0,0.17,0.17,Sp23,cogs,COGS 142,2023-02-18 08:00:00,2023-04-03 06:00:00,6.0,50.0,0.12,0.34
1.5,0.0,0.5,0.0,4.17,0.0,Sp23,cogs,COGS 185,2023-02-18 08:00:00,2023-04-03 06:00:00,12.0,75.0,0.16,6.17
0.33,0.08,0.0,0.0,0.42,0.25,Sp23,cogs,COGS 184,2023-02-18 08:00:00,2023-04-03 06:00:00,21.0,50.0,0.42,1.08
1.67,0.17,0.08,0.0,0.83,0.17,Sp23,cogs,COGS 14A,2023-02-18 08:00:00,2023-04-03 06:00:00,78.0,250.0,0.312,2.92
0.33,0.0,0.0,0.0,0.17,0.17,Sp23,cogs,COGS 17,2023-02-18 08:00:00,2023-04-03 06:00:00,36.0,303.0,0.1188118811881188,0.67
0.42,0.0,0.0,0.0,0.5,0.08,Sp23,cogs,COGS 14B,2023-02-18 08:00:00,2023-04-03 06:00:00,15.0,198.0,0.0757575757575757,0.9999999999999999
0.0,0.08,0.0,0.08,0.0,0.0,Sp23,cogs,COGS 144,2023-02-18 08:00:00,2023-04-03 06:00:00,9.0,50.0,0.18,0.16
1.58,0.58,0.42,0.08,1.5,0.0,Sp23,cogs,COGS 122,2023-02-18 08:00:00,2023-04-03 06:00:00,42.0,50.0,0.84,4.16
6.58,1.92,0.33,0.17,12.58,2.5,Sp23,cogs,COGS 108,2023-02-18 08:00:00,2023-04-03 06:00:00,172.0,400.0,0.43,24.08
2.08,0.25,0.0,0.0,0.75,0.08,Sp23,cogs,COGS 1,2023-02-18 08:00:00,2023-04-03 06:00:00,74.0,410.0,0.1804878048780487,3.16
0.58,0.33,-0.08,0.0,1.25,0.0,Sp23,cogs,COGS 125,2023-02-18 08:00:00,2023-04-03 06:00:00,14.0,25.0,0.56,2.08
0.83,0.08,0.17,0.08,2.17,0.58,Sp23,cogs,COGS 118A,2023-02-18 08:00:00,2023-04-03 06:00:00,0.0,180.0,0.0,3.91
2.33,0.33,0.0,0.08,2.33,0.58,Sp24,cogs,COGS 101B,2024-02-17 08:00:00,2024-04-01 06:00:00,109.0,206.0,0.529126213592233,5.65
1.08,0.08,0.08,-0.08,1.0,0.25,Sp24,cogs,COGS 101C,2024-02-17 08:00:00,2024-04-01 06:00:00,55.0,168.0,0.3273809523809524,2.41
0.42,0.08,0.0,0.08,0.33,0.17,Sp24,cogs,COGS 101A,2024-02-17 08:00:00,2024-04-01 06:00:00,6.0,240.0,0.025,1.0799999999999998
0.58,0.33,0.08,0.0,0.5,0.33,Sp24,cogs,COGS 9,2024-02-17 08:00:00,2024-04-01 06:00:00,0.0,300.0,0.0,1.8199999999999998
0.5,0.17,0.17,0.17,0.67,0.08,Sp24,cogs,COGS 100,2024-02-17 08:00:00,2024-04-01 06:00:00,0.0,336.0,0.0,1.7600000000000002
0.17,0.17,0.0,0.08,0.67,0.0,Sp24,cogs,COGS 138,2024-02-17 08:00:00,2024-04-01 06:00:00,0.0,75.0,0.0,1.09
2.58,1.0,0.17,0.25,6.17,0.5,Sp24,cogs,COGS 112,2024-02-17 08:00:00,2024-04-01 06:00:00,63.0,170.0,0.3705882352941176,10.67
1.42,0.58,0.0,0.0,3.75,0.42,Sp24,cogs,COGS 107B,2024-02-17 08:00:00,2024-04-01 06:00:00,9.0,300.0,0.03,6.17
3.83,0.33,0.17,0.25,1.42,0.67,Sp24,cogs,COGS 18,2024-02-17 08:00:00,2024-04-01 06:00:00,91.0,610.0,0.1491803278688524,6.67
1.67,0.92,0.17,0.17,3.33,0.0,Sp24,cogs,COGS 188,2024-02-17 08:00:00,2024-04-01 06:00:00,35.0,75.0,0.4666666666666667,6.26
1.33,0.17,0.17,0.08,1.5,0.25,Sp24,cogs,COGS 107C,2024-02-17 08:00:00,2024-04-01 06:00:00,0.0,180.0,0.0,3.5
0.0,0.0,0.08,0.0,0.0,0.08,Sp24,cogs,COGS 12,2024-02-17 08:00:00,2024-04-01 06:00:00,1.0,75.0,0.0133333333333333,0.16
0.08,0.0,0.0,0.0,0.17,0.08,Sp24,cogs,COGS 155,2024-02-17 08:00:00,2024-04-01 06:00:00,3.0,50.0,0.06,0.33
0.08,0.0,0.0,0.0,0.25,0.0,Sp24,cogs,COGS 11,2024-02-17 08:00:00,2024-04-01 06:00:00,2.0,180.0,0.0111111111111111,0.33
1.42,0.17,0.08,0.0,1.42,0.08,Sp24,cogs,COGS 10,2024-02-17 08:00:00,2024-04-01 06:00:00,12.0,350.0,0.0342857142857142,3.17
0.08,0.0,0.0,0.0,0.42,0.17,Sp24,cogs,COGS 142,2024-02-17 08:00:00,2024-04-01 06:00:00,0.0,50.0,0.0,0.67
1.33,0.33,0.08,0.0,1.83,0.42,Sp24,cogs,COGS 185,2024-02-17 08:00:00,2024-04-01 06:00:00,11.0,100.0,0.11,3.99
0.42,0.25,0.0,0.0,0.92,0.08,Sp24,cogs,COGS 184,2024-02-17 08:00:00,2024-04-01 06:00:00,9.0,50.0,0.18,1.67
1.5,0.17,0.08,0.0,0.83,0.17,Sp24,cogs,COGS 14A,2024-02-17 08:00:00,2024-04-01 06:00:00,57.0,393.0,0.1450381679389313,2.75
0.0,0.0,0.08,0.0,0.33,0.17,Sp24,cogs,COGS 179,2024-02-17 08:00:00,2024-04-01 06:00:00,10.0,40.0,0.25,0.5800000000000001
1.58,0.17,0.08,0.0,0.33,0.17,Sp24,cogs,COGS 17,2024-02-17 08:00:00,2024-04-01 06:00:00,12.0,410.0,0.0292682926829268,2.33
1.83,0.08,0.0,0.0,0.67,0.25,Sp24,cogs,COGS 14B,2024-02-17 08:00:00,2024-04-01 06:00:00,0.0,277.0,0.0,2.83
0.17,0.0,0.0,0.0,0.17,0.08,Sp24,cogs,COGS 144,2024-02-17 08:00:00,2024-04-01 06:00:00,4.0,50.0,0.08,0.42000000000000004
5.58,1.08,0.33,-0.17,10.83,2.08,Sp24,cogs,COGS 108,2024-02-17 08:00:00,2024-04-01 06:00:00,191.0,420.0,0.4547619047619047,19.729999999999997
1.58,0.08,0.08,0.08,0.42,0.25,Sp24,cogs,COGS 1,2024-02-17 08:00:00,2024-04-01 06:00:00,28.0,460.0,0.0608695652173913,2.49
1.0,0.25,0.0,0.0,2.75,0.17,Sp24,cogs,COGS 125,2024-02-17 08:00:00,2024-04-01 06:00:00,21.0,50.0,0.42,4.17
0.42,0.0,0.0,0.0,2.5,0.25,Sp24,cogs,COGS 126,2024-02-17 08:00:00,2024-04-01 06:00:00,17.0,50.0,0.34,3.17
0.67,0.33,1.0,0.42,0.08,0.0,Fa24,math,MATH 130,2024-05-24 08:00:00,2024-09-26 06:00:00,8.0,114.0,0.0701754385964912,2.5
0.25,0.08,0.92,0.42,0.25,0.0,Fa24,math,MATH 142A,2024-05-24 08:00:00,2024-09-26 06:00:00,2.0,212.0,0.0094339622641509,1.92
0.67,0.08,0.67,0.25,0.17,0.0,Fa24,math,MATH 103A,2024-05-24 08:00:00,2024-09-26 06:00:00,4.0,278.0,0.014388489208633,1.8399999999999999
0.17,0.08,0.67,0.33,0.25,0.0,Fa24,math,MATH 181B,2024-05-24 08:00:00,2024-09-26 06:00:00,0.0,90.0,0.0,1.5
0.17,0.0,0.0,0.0,0.0,0.0,Fa24,math,MATH 4C,2024-05-24 08:00:00,2024-09-26 06:00:00,8.0,364.0,0.0219780219780219,0.17
0.0,0.0,0.0,0.0,0.0,0.0,Fa24,math,MATH 31AH,2024-05-24 08:00:00,2024-09-26 06:00:00,6.0,76.0,0.0789473684210526,0.0
0.17,0.33,0.75,0.08,0.08,0.0,Fa24,math,MATH 96,2024-05-24 08:00:00,2024-09-26 06:00:00,25.0,30.0,0.8333333333333334,1.4100000000000001
0.33,0.17,0.33,0.17,0.33,0.08,Fa24,math,MATH 180C,2024-05-24 08:00:00,2024-09-26 06:00:00,7.0,70.0,0.1,1.4100000000000001
1.25,0.0,0.33,0.25,0.08,-0.08,Fa24,math,MATH 180A,2024-05-24 08:00:00,2024-09-26 06:00:00,5.0,478.0,0.0104602510460251,1.83
0.58,-0.08,0.42,0.17,0.08,0.0,Fa24,math,MATH 109,2024-05-24 08:00:00,2024-09-26 06:00:00,27.0,354.0,0.0762711864406779,1.17
0.5,0.0,0.0,0.0,0.08,0.0,Fa24,math,MATH 2,2024-05-24 08:00:00,2024-09-26 06:00:00,0.0,600.0,0.0,0.58
0.0,0.0,0.08,0.08,0.0,0.0,Fa24,math,MATH 191,2024-05-24 08:00:00,2024-09-26 06:00:00,0.0,35.0,0.0,0.16
2.33,0.08,0.58,0.08,0.08,0.08,Fa24,math,MATH 18,2024-05-24 08:00:00,2024-09-26 06:00:00,33.0,1178.0,0.0280135823429541,3.2300000000000004
0.08,0.0,0.08,0.08,0.0,0.0,Fa24,math,MATH 153,2024-05-24 08:00:00,2024-09-26 06:00:00,0.0,35.0,0.0,0.24
0.25,0.0,0.42,0.17,0.08,0.0,Fa24,math,MATH 184,2024-05-24 08:00:00,2024-09-26 06:00:00,0.0,132.0,0.0,0.9199999999999999
0.92,0.25,2.08,0.67,0.25,0.0,Fa24,math,MATH 187A,2024-05-24 08:00:00,2024-09-26 06:00:00,26.0,196.0,0.1326530612244898,4.17
0.08,0.08,0.08,0.0,0.0,-0.08,Fa24,math,MATH 144,2024-05-24 08:00:00,2024-09-26 06:00:00,0.0,35.0,0.0,0.15999999999999998
0.08,0.08,0.42,0.0,0.0,0.0,Fa24,math,MATH 104A,2024-05-24 08:00:00,2024-09-26 06:00:00,0.0,36.0,0.0,0.58
0.83,0.08,0.83,0.25,0.08,0.0,Fa24,math,MATH 183,2024-05-24 08:00:00,2024-09-26 06:00:00,41.0,216.0,0.1898148148148148,2.07
0.67,0.08,0.33,0.25,0.25,0.0,Fa24,math,MATH 154,2024-05-24 08:00:00,2024-09-26 06:00:00,10.0,147.0,0.0680272108843537,1.58
0.25,0.0,0.0,0.0,0.0,0.0,Fa24,math,MATH 3C,2024-05-24 08:00:00,2024-09-26 06:00:00,3.0,465.0,0.0064516129032258,0.25
0.0,0.0,0.0,0.0,0.0,0.0,Fa24,math,MATH 3B,2024-05-24 08:00:00,2024-09-26 06:00:00,8.0,385.0,0.0207792207792207,0.0
2.0,1.0,6.33,0.0,0.0,0.0,Fa24,math,MATH 173A,2024-05-24 08:00:00,2024-09-26 06:00:00,17.0,284.0,0.0598591549295774,9.33
1.5,0.08,0.17,0.08,0.0,0.0,Fa24,math,MATH 20C,2024-05-24 08:00:00,2024-09-26 06:00:00,81.0,1163.0,0.0696474634565778,1.83
1.25,0.08,1.25,0.33,0.25,0.08,Fa24,math,MATH 11,2024-05-24 08:00:00,2024-09-26 06:00:00,11.0,620.0,0.0177419354838709,3.24
0.58,0.0,0.25,0.0,0.0,0.0,Fa24,math,MATH 20B,2024-05-24 08:00:00,2024-09-26 06:00:00,52.0,972.0,0.0534979423868312,0.83
0.33,0.08,0.58,0.17,0.0,0.0,Fa24,math,MATH 170A,2024-05-24 08:00:00,2024-09-26 06:00:00,0.0,252.0,0.0,1.16
0.08,0.0,0.0,0.17,0.17,0.0,Fa24,math,MATH 158,2024-05-24 08:00:00,2024-09-26 06:00:00,3.0,35.0,0.0857142857142857,0.42000000000000004
0.42,0.42,2.08,0.0,0.0,0.0,Fa24,math,MATH 111A,2024-05-24 08:00:00,2024-09-26 06:00:00,19.0,35.0,0.5428571428571428,2.92
0.33,0.0,0.08,0.0,0.0,0.0,Fa24,math,MATH 20A,2024-05-24 08:00:00,2024-09-26 06:00:00,11.0,584.0,0.0188356164383561,0.41000000000000003
0.92,0.0,0.5,0.08,0.0,0.0,Fa24,math,MATH 20E,2024-05-24 08:00:00,2024-09-26 06:00:00,0.0,543.0,0.0,1.5
0.0,0.17,0.25,0.33,0.08,0.17,Fa24,math,MATH 174,2024-05-24 08:00:00,2024-09-26 06:00:00,5.0,66.0,0.0757575757575757,1.0
2.08,0.0,0.33,0.25,0.0,0.0,Fa24,math,MATH 20D,2024-05-24 08:00:00,2024-09-26 06:00:00,16.0,561.0,0.0285204991087344,2.66
0.0,0.0,0.0,0.17,0.0,0.0,Fa24,math,MATH 188,2024-05-24 08:00:00,2024-09-26 06:00:00,0.0,35.0,0.0,0.17
0.58,0.25,0.42,0.25,0.25,0.0,Fa24,math,MATH 140A,2024-05-24 08:00:00,2024-09-26 06:00:00,7.0,140.0,0.05,1.75
3.08,0.08,0.0,0.08,0.17,0.17,Fa24,math,MATH 10B,2024-05-24 08:00:00,2024-09-26 06:00:00,27.0,678.0,0.0398230088495575,3.58
0.0,0.08,0.08,0.17,-0.08,0.0,Fa24,math,MATH 105,2024-05-24 08:00:00,2024-09-26 06:00:00,3.0,35.0,0.0857142857142857,0.25
1.25,-0.08,0.08,0.0,0.08,0.08,Fa24,math,MATH 10C,2024-05-24 08:00:00,2024-09-26 06:00:00,41.0,458.0,0.0895196506550218,1.4100000000000001
1.0,0.08,0.0,0.08,0.0,-0.08,Fa24,math,MATH 10A,2024-05-24 08:00:00,2024-09-26 06:00:00,26.0,1044.0,0.0249042145593869,1.08
0.25,0.0,0.33,0.0,0.0,0.0,Fa24,math,MATH 160A,2024-05-24 08:00:00,2024-09-26 06:00:00,8.0,35.0,0.2285714285714285,0.5800000000000001
0.25,0.0,0.67,0.08,0.08,0.0,Fa24,math,MATH 120A,2024-05-24 08:00:00,2024-09-26 06:00:00,12.0,69.0,0.1739130434782608,1.08
0.0,0.0,0.25,0.25,0.0,0.0,Fa24,math,MATH 102,2024-05-24 08:00:00,2024-09-26 06:00:00,0.0,140.0,0.0,0.5
0.58,0.08,0.75,0.17,0.0,-0.08,Fa24,math,MATH 100A,2024-05-24 08:00:00,2024-09-26 06:00:00,0.0,140.0,0.0,1.4999999999999998
0.5,0.17,0.67,0.5,-0.08,0.08,Fa23,math,MATH 130,2023-05-26 08:00:00,2023-09-28 06:00:00,6.0,104.0,0.0576923076923076,1.84
0.42,0.33,0.92,0.25,0.33,0.08,Fa23,math,MATH 142A,2023-05-26 08:00:00,2023-09-28 06:00:00,0.0,236.0,0.0,2.33
0.83,0.0,0.67,0.42,0.17,0.0,Fa23,math,MATH 103A,2023-05-26 08:00:00,2023-09-28 06:00:00,5.0,280.0,0.0178571428571428,2.09
0.5,0.25,0.67,0.42,0.08,0.0,Fa23,math,MATH 181B,2023-05-26 08:00:00,2023-09-28 06:00:00,0.0,105.0,0.0,1.92
0.0,0.0,0.0,0.0,0.0,0.0,Fa23,math,MATH 4C,2023-05-26 08:00:00,2023-09-28 06:00:00,2.0,372.0,0.0053763440860215,0.0
0.0,0.0,0.0,0.0,0.0,0.0,Fa23,math,MATH 31AH,2023-05-26 08:00:00,2023-09-28 06:00:00,0.0,70.0,0.0,0.0
0.17,0.0,0.58,0.33,0.08,0.08,Fa23,math,MATH 96,2023-05-26 08:00:00,2023-09-28 06:00:00,32.0,30.0,1.0666666666666669,1.2400000000000002
0.0,0.17,0.25,0.25,0.0,0.0,Fa23,math,MATH 180C,2023-05-26 08:00:00,2023-09-28 06:00:00,0.0,68.0,0.0,0.67
0.92,0.17,0.5,0.17,0.33,0.0,Fa23,math,MATH 180A,2023-05-26 08:00:00,2023-09-28 06:00:00,9.0,518.0,0.0173745173745173,2.09
1.0,0.25,0.42,0.08,0.08,0.0,Fa23,math,MATH 109,2023-05-26 08:00:00,2023-09-28 06:00:00,38.0,198.0,0.1919191919191919,1.83
0.25,0.0,0.0,0.0,0.0,0.0,Fa23,math,MATH 2,2023-05-26 08:00:00,2023-09-28 06:00:00,119.0,140.0,0.85,0.25
2.83,0.25,0.33,0.17,0.08,0.08,Fa23,math,MATH 18,2023-05-26 08:00:00,2023-09-28 06:00:00,21.0,1106.0,0.0189873417721519,3.74
0.25,0.0,0.25,0.0,0.0,0.0,Fa23,math,MATH 153,2023-05-26 08:00:00,2023-09-28 06:00:00,0.0,35.0,0.0,0.5
0.08,-0.08,0.33,0.08,0.17,0.08,Fa23,math,MATH 184,2023-05-26 08:00:00,2023-09-28 06:00:00,4.0,108.0,0.037037037037037,0.66
1.08,0.25,2.75,1.17,0.42,0.17,Fa23,math,MATH 187A,2023-05-26 08:00:00,2023-09-28 06:00:00,43.0,196.0,0.2193877551020408,5.84
0.17,0.0,0.25,0.08,0.0,0.0,Fa23,math,MATH 104A,2023-05-26 08:00:00,2023-09-28 06:00:00,0.0,35.0,0.0,0.5
2.0,0.08,0.5,0.42,0.0,0.08,Fa23,math,MATH 183,2023-05-26 08:00:00,2023-09-28 06:00:00,23.0,324.0,0.0709876543209876,3.08
0.42,0.17,0.75,0.25,0.08,0.08,Fa23,math,MATH 154,2023-05-26 08:00:00,2023-09-28 06:00:00,26.0,192.0,0.1354166666666666,1.75
0.33,0.0,0.42,0.17,0.0,0.08,Fa23,math,MATH 196,2023-05-26 08:00:00,2023-09-28 06:00:00,10.0,45.0,0.2222222222222222,1.0
0.25,0.17,0.5,0.08,0.08,0.0,Fa23,math,MATH 190A,2023-05-26 08:00:00,2023-09-28 06:00:00,4.0,35.0,0.1142857142857142,1.08
0.25,0.0,0.0,0.0,0.0,0.0,Fa23,math,MATH 3C,2023-05-26 08:00:00,2023-09-28 06:00:00,29.0,820.0,0.0353658536585365,0.25
1.5,0.75,3.5,1.5,0.75,0.25,Fa23,math,MATH 173A,2023-05-26 08:00:00,2023-09-28 06:00:00,56.0,196.0,0.2857142857142857,8.25
1.83,0.33,0.0,0.08,0.0,0.0,Fa23,math,MATH 20C,2023-05-26 08:00:00,2023-09-28 06:00:00,7.0,1107.0,0.006323396567299,2.24
2.08,0.25,0.92,0.08,-0.08,0.0,Fa23,math,MATH 11,2023-05-26 08:00:00,2023-09-28 06:00:00,3.0,580.0,0.0051724137931034,3.25
1.0,0.0,0.08,0.0,0.0,0.0,Fa23,math,MATH 20B,2023-05-26 08:00:00,2023-09-28 06:00:00,36.0,918.0,0.0392156862745098,1.08
1.0,0.08,1.08,0.42,0.08,0.17,Fa23,math,MATH 170A,2023-05-26 08:00:00,2023-09-28 06:00:00,12.0,288.0,0.0416666666666666,2.83
0.0,0.08,0.0,0.0,0.0,0.0,Fa23,math,MATH 20A,2023-05-26 08:00:00,2023-09-28 06:00:00,15.0,720.0,0.0208333333333333,0.08
1.5,0.17,0.42,0.25,0.08,0.08,Fa23,math,MATH 20E,2023-05-26 08:00:00,2023-09-28 06:00:00,13.0,550.0,0.0236363636363636,2.5
0.17,0.0,0.83,0.17,0.0,0.25,Fa23,math,MATH 174,2023-05-26 08:00:00,2023-09-28 06:00:00,4.0,32.0,0.125,1.42
1.42,0.08,0.17,0.08,0.25,0.0,Fa23,math,MATH 20D,2023-05-26 08:00:00,2023-09-28 06:00:00,5.0,585.0,0.0085470085470085,2.0
0.5,0.0,0.25,0.25,0.08,0.0,Fa23,math,MATH 140A,2023-05-26 08:00:00,2023-09-28 06:00:00,11.0,140.0,0.0785714285714285,1.08
2.08,0.0,0.08,0.25,0.0,0.08,Fa23,math,MATH 10B,2023-05-26 08:00:00,2023-09-28 06:00:00,22.0,606.0,0.0363036303630363,2.49
0.08,0.0,0.58,0.0,0.0,0.0,Fa23,math,MATH 105,2023-05-26 08:00:00,2023-09-28 06:00:00,3.0,35.0,0.0857142857142857,0.6599999999999999
1.58,0.0,0.25,0.17,0.17,0.0,Fa23,math,MATH 10C,2023-05-26 08:00:00,2023-09-28 06:00:00,8.0,440.0,0.0181818181818181,2.17
0.5,0.0,0.25,0.0,0.0,0.0,Fa23,math,MATH 10A,2023-05-26 08:00:00,2023-09-28 06:00:00,55.0,920.0,0.0597826086956521,0.75
0.17,0.17,0.58,0.0,0.08,0.0,Fa23,math,MATH 120A,2023-05-26 08:00:00,2023-09-28 06:00:00,4.0,70.0,0.0571428571428571,0.9999999999999999
0.42,0.08,0.25,0.25,0.08,0.08,Fa23,math,MATH 102,2023-05-26 08:00:00,2023-09-28 06:00:00,4.0,164.0,0.024390243902439,1.1600000000000001
0.42,0.33,0.33,0.08,0.08,0.0,Fa23,math,MATH 100A,2023-05-26 08:00:00,2023-09-28 06:00:00,4.0,144.0,0.0277777777777777,1.2400000000000002
0.67,0.08,0.83,0.42,0.17,0.0,Fa22,math,MATH 142A,2022-05-20 08:00:00,2022-09-22 06:00:00,2.0,280.0,0.0071428571428571,2.17
1.17,0.33,1.08,0.75,0.08,0.0,Fa22,math,MATH 103A,2022-05-20 08:00:00,2022-09-22 06:00:00,7.0,245.0,0.0285714285714285,3.41
0.08,0.17,0.25,0.17,0.08,0.0,Fa22,math,MATH 181B,2022-05-20 08:00:00,2022-09-22 06:00:00,0.0,105.0,0.0,0.75
0.0,0.0,0.0,0.0,0.0,0.0,Fa22,math,MATH 4C,2022-05-20 08:00:00,2022-09-22 06:00:00,0.0,410.0,0.0,0.0
0.0,0.0,0.0,0.0,0.0,0.0,Fa22,math,MATH 31AH,2022-05-20 08:00:00,2022-09-22 06:00:00,0.0,70.0,0.0,0.0
0.25,0.17,0.33,0.67,0.17,0.0,Fa22,math,MATH 96,2022-05-20 08:00:00,2022-09-22 06:00:00,35.0,30.0,1.1666666666666667,1.5899999999999999
0.25,0.08,1.08,0.42,0.17,0.08,Fa22,math,MATH 180C,2022-05-20 08:00:00,2022-09-22 06:00:00,0.0,70.0,0.0,2.08
1.58,0.0,0.92,0.58,0.5,0.17,Fa22,math,MATH 180A,2022-05-20 08:00:00,2022-09-22 06:00:00,32.0,532.0,0.0601503759398496,3.75
0.5,0.08,0.42,0.17,0.0,0.0,Fa22,math,MATH 109,2022-05-20 08:00:00,2022-09-22 06:00:00,29.0,350.0,0.0828571428571428,1.17
0.0,0.0,0.0,0.0,0.0,0.0,Fa22,math,MATH 2,2022-05-20 08:00:00,2022-09-22 06:00:00,89.0,140.0,0.6357142857142857,0.0
0.0,0.0,0.33,0.17,0.08,0.08,Fa22,math,MATH 187B,2022-05-20 08:00:00,2022-09-22 06:00:00,0.0,70.0,0.0,0.6599999999999999
1.75,0.08,0.25,0.0,0.08,0.08,Fa22,math,MATH 18,2022-05-20 08:00:00,2022-09-22 06:00:00,24.0,1131.0,0.0212201591511936,2.24
0.08,0.0,0.08,0.0,0.0,0.0,Fa22,math,MATH 153,2022-05-20 08:00:00,2022-09-22 06:00:00,0.0,35.0,0.0,0.16
0.25,0.0,0.08,0.0,0.08,0.08,Fa22,math,MATH 184,2022-05-20 08:00:00,2022-09-22 06:00:00,0.0,140.0,0.0,0.49000000000000005
1.17,0.25,2.17,1.17,1.0,0.17,Fa22,math,MATH 187A,2022-05-20 08:00:00,2022-09-22 06:00:00,12.0,208.0,0.0576923076923076,5.93
0.0,0.08,0.0,0.0,0.0,0.0,Fa22,math,MATH 144,2022-05-20 08:00:00,2022-09-22 06:00:00,0.0,30.0,0.0,0.08
0.75,0.33,0.5,0.17,0.58,0.0,Fa22,math,MATH 183,2022-05-20 08:00:00,2022-09-22 06:00:00,47.0,280.0,0.1678571428571428,2.33
1.08,0.08,0.42,1.0,0.58,0.08,Fa22,math,MATH 154,2022-05-20 08:00:00,2022-09-22 06:00:00,29.0,140.0,0.2071428571428571,3.24
0.08,0.17,0.33,0.42,0.0,0.0,Fa22,math,MATH 196,2022-05-20 08:00:00,2022-09-22 06:00:00,15.0,45.0,0.3333333333333333,1.0
0.33,0.08,0.5,0.33,-0.08,0.0,Fa22,math,MATH 190A,2022-05-20 08:00:00,2022-09-22 06:00:00,5.0,35.0,0.1428571428571428,1.16
0.0,0.0,0.0,0.0,0.0,0.0,Fa22,math,MATH 3C,2022-05-20 08:00:00,2022-09-22 06:00:00,44.0,888.0,0.0495495495495495,0.0
1.17,0.42,3.0,1.67,0.5,0.17,Fa22,math,MATH 173A,2022-05-20 08:00:00,2022-09-22 06:00:00,29.0,148.0,0.1959459459459459,6.93
1.33,0.0,0.08,0.17,0.17,0.08,Fa22,math,MATH 20C,2022-05-20 08:00:00,2022-09-22 06:00:00,14.0,1042.0,0.0134357005758157,1.83
2.33,0.17,1.08,0.33,0.33,0.08,Fa22,math,MATH 11,2022-05-20 08:00:00,2022-09-22 06:00:00,17.0,560.0,0.0303571428571428,4.32
0.75,0.0,0.08,0.08,0.0,0.0,Fa22,math,MATH 20B,2022-05-20 08:00:00,2022-09-22 06:00:00,8.0,821.0,0.0097442143727162,0.9099999999999999
0.58,0.33,0.92,0.58,0.08,0.08,Fa22,math,MATH 170A,2022-05-20 08:00:00,2022-09-22 06:00:00,0.0,280.0,0.0,2.5700000000000003
0.33,0.17,0.08,0.0,0.0,0.0,Fa22,math,MATH 150A,2022-05-20 08:00:00,2022-09-22 06:00:00,0.0,70.0,0.0,0.58
0.08,0.0,0.0,0.0,0.0,0.0,Fa22,math,MATH 111A,2022-05-20 08:00:00,2022-09-22 06:00:00,20.0,32.0,0.625,0.08
0.25,0.0,0.0,0.0,0.0,0.0,Fa22,math,MATH 20A,2022-05-20 08:00:00,2022-09-22 06:00:00,3.0,655.0,0.0045801526717557,0.25
1.92,0.08,0.42,0.25,0.17,0.0,Fa22,math,MATH 20E,2022-05-20 08:00:00,2022-09-22 06:00:00,6.0,789.0,0.0076045627376425,2.84
0.0,0.08,0.17,0.0,0.0,-0.08,Fa22,math,MATH 174,2022-05-20 08:00:00,2022-09-22 06:00:00,1.0,27.0,0.037037037037037,0.16999999999999998
1.92,0.08,0.08,0.08,0.0,0.08,Fa22,math,MATH 20D,2022-05-20 08:00:00,2022-09-22 06:00:00,6.0,777.0,0.0077220077220077,2.24
0.0,0.0,0.0,0.17,0.0,0.0,Fa22,math,MATH 188,2022-05-20 08:00:00,2022-09-22 06:00:00,0.0,35.0,0.0,0.17
0.33,0.0,0.42,0.33,0.0,0.08,Fa22,math,MATH 140A,2022-05-20 08:00:00,2022-09-22 06:00:00,3.0,140.0,0.0214285714285714,1.1600000000000001
1.75,0.08,0.17,0.25,0.0,0.17,Fa22,math,MATH 10B,2022-05-20 08:00:00,2022-09-22 06:00:00,29.0,641.0,0.0452418096723869,2.42
0.08,0.0,0.33,0.33,0.08,0.0,Fa22,math,MATH 110,2022-05-20 08:00:00,2022-09-22 06:00:00,0.0,70.0,0.0,0.82
1.08,0.0,0.33,0.08,0.17,0.0,Fa22,math,MATH 10C,2022-05-20 08:00:00,2022-09-22 06:00:00,11.0,478.0,0.0230125523012552,1.6600000000000001
1.17,0.0,0.08,0.08,0.17,0.0,Fa22,math,MATH 10A,2022-05-20 08:00:00,2022-09-22 06:00:00,25.0,1066.0,0.023452157598499,1.5
0.08,0.17,0.25,0.17,0.0,0.0,Fa22,math,MATH 160A,2022-05-20 08:00:00,2022-09-22 06:00:00,0.0,70.0,0.0,0.67
0.08,0.17,0.33,0.0,0.0,0.0,Fa22,math,MATH 120A,2022-05-20 08:00:00,2022-09-22 06:00:00,1.0,70.0,0.0142857142857142,0.5800000000000001
0.33,0.17,0.25,0.0,0.0,0.0,Fa22,math,MATH 102,2022-05-20 08:00:00,2022-09-22 06:00:00,0.0,280.0,0.0,0.75
0.58,0.0,0.33,0.17,0.17,0.0,Fa22,math,MATH 100A,2022-05-20 08:00:00,2022-09-22 06:00:00,0.0,140.0,0.0,1.2499999999999998
2.25,0.75,4.83,0.42,3.5,0.08,Wi23,math,MATH 181A,2022-11-07 08:00:00,2023-01-09 06:00:00,29.0,264.0,0.1098484848484848,11.83
0.75,0.17,1.17,0.08,0.92,0.25,Wi23,math,MATH 130,2022-11-07 08:00:00,2023-01-09 06:00:00,3.0,70.0,0.0428571428571428,3.34
0.67,0.17,1.42,0.25,2.33,0.08,Wi23,math,MATH 142A,2022-11-07 08:00:00,2023-01-09 06:00:00,11.0,165.0,0.0666666666666666,4.92
0.92,0.42,1.0,0.42,2.25,0.33,Wi23,math,MATH 103A,2022-11-07 08:00:00,2023-01-09 06:00:00,11.0,200.0,0.055,5.34
0.67,0.0,0.0,0.0,0.0,0.0,Wi23,math,MATH 4C,2022-11-07 08:00:00,2023-01-09 06:00:00,1.0,118.0,0.0084745762711864,0.67
0.67,0.25,4.17,1.08,4.17,0.17,Wi23,math,MATH 142B,2022-11-07 08:00:00,2023-01-09 06:00:00,5.0,174.0,0.028735632183908,10.51
2.33,0.58,6.5,0.58,1.5,0.08,Wi23,math,MATH 103B,2022-11-07 08:00:00,2023-01-09 06:00:00,28.0,196.0,0.1428571428571428,11.57
1.0,0.25,2.83,0.25,4.08,0.0,Wi23,math,MATH 180B,2022-11-07 08:00:00,2023-01-09 06:00:00,0.0,210.0,0.0,8.41
0.42,0.0,0.17,0.08,0.67,0.08,Wi23,math,MATH 95,2022-11-07 08:00:00,2023-01-09 06:00:00,3.0,29.0,0.1034482758620689,1.42
1.25,0.17,1.42,0.08,0.0,0.0,Wi23,math,MATH 181E,2022-11-07 08:00:00,2023-01-09 06:00:00,4.0,50.0,0.08,2.92
0.67,0.25,1.08,0.25,2.42,0.5,Wi23,math,MATH 180A,2022-11-07 08:00:00,2023-01-09 06:00:00,30.0,245.0,0.1224489795918367,5.17
1.33,0.17,1.08,0.42,2.83,0.67,Wi23,math,MATH 109,2022-11-07 08:00:00,2023-01-09 06:00:00,28.0,320.0,0.0875,6.5
0.83,0.0,0.08,0.08,0.17,0.08,Wi23,math,MATH 2,2022-11-07 08:00:00,2023-01-09 06:00:00,43.0,138.0,0.3115942028985507,1.24
0.0,0.0,0.0,0.0,0.0,0.0,Wi23,math,MATH 191,2022-11-07 08:00:00,2023-01-09 06:00:00,0.0,30.0,0.0,0.0
3.92,0.0,0.58,0.25,1.92,0.5,Wi23,math,MATH 18,2022-11-07 08:00:00,2023-01-09 06:00:00,32.0,866.0,0.0369515011547344,7.17
0.58,0.08,0.58,0.17,1.17,0.08,Wi23,math,MATH 184,2022-11-07 08:00:00,2023-01-09 06:00:00,1.0,140.0,0.0071428571428571,2.6599999999999997
1.17,0.17,1.5,0.17,1.25,0.17,Wi23,math,MATH 186,2022-11-07 08:00:00,2023-01-09 06:00:00,0.0,103.0,0.0,4.43
2.08,0.67,3.5,0.33,3.5,-0.08,Wi23,math,MATH 187A,2022-11-07 08:00:00,2023-01-09 06:00:00,28.0,184.0,0.1521739130434782,10.0
0.08,0.17,0.42,0.0,0.17,0.0,Wi23,math,MATH 104A,2022-11-07 08:00:00,2023-01-09 06:00:00,0.0,33.0,0.0,0.84
1.25,0.17,1.25,0.33,3.92,0.67,Wi23,math,MATH 183,2022-11-07 08:00:00,2023-01-09 06:00:00,5.0,264.0,0.0189393939393939,7.59
1.0,0.17,0.83,0.17,3.42,0.42,Wi23,math,MATH 154,2022-11-07 08:00:00,2023-01-09 06:00:00,29.0,140.0,0.2071428571428571,6.01
0.5,0.0,0.58,0.17,2.5,0.0,Wi23,math,MATH 196,2022-11-07 08:00:00,2023-01-09 06:00:00,4.0,45.0,0.0888888888888888,3.75
0.08,0.08,0.42,-0.08,0.25,0.0,Wi23,math,MATH 173B,2022-11-07 08:00:00,2023-01-09 06:00:00,0.0,32.0,0.0,0.75
1.42,0.17,2.67,0.42,2.25,0.0,Wi23,math,MATH 194,2022-11-07 08:00:00,2023-01-09 06:00:00,17.0,120.0,0.1416666666666666,6.93
1.17,0.0,0.17,0.0,0.17,0.17,Wi23,math,MATH 3C,2022-11-07 08:00:00,2023-01-09 06:00:00,3.0,311.0,0.0096463022508038,1.6799999999999997
0.25,0.08,0.25,0.08,0.17,0.0,Wi23,math,MATH 190B,2022-11-07 08:00:00,2023-01-09 06:00:00,0.0,30.0,0.0,0.8300000000000001
3.67,0.08,0.42,0.0,0.67,0.42,Wi23,math,MATH 20C,2022-11-07 08:00:00,2023-01-09 06:00:00,39.0,799.0,0.048811013767209,5.26
0.0,0.0,0.0,0.0,0.17,-0.08,Wi23,math,MATH 150B,2022-11-07 08:00:00,2023-01-09 06:00:00,0.0,30.0,0.0,0.09000000000000001
0.42,0.0,0.42,0.0,-0.08,-0.08,Wi23,math,MATH 111B,2022-11-07 08:00:00,2023-01-09 06:00:00,0.0,30.0,0.0,0.68
2.5,0.08,1.33,0.33,2.58,1.0,Wi23,math,MATH 11,2022-11-07 08:00:00,2023-01-09 06:00:00,35.0,524.0,0.0667938931297709,7.82
3.92,0.0,0.17,0.08,1.0,0.0,Wi23,math,MATH 20B,2022-11-07 08:00:00,2023-01-09 06:00:00,0.0,799.0,0.0,5.17
0.5,0.25,0.67,0.17,1.33,0.25,Wi23,math,MATH 170A,2022-11-07 08:00:00,2023-01-09 06:00:00,2.0,210.0,0.0095238095238095,3.17
0.08,0.0,0.0,0.0,0.33,0.0,Wi23,math,MATH 158,2022-11-07 08:00:00,2023-01-09 06:00:00,0.0,32.0,0.0,0.41000000000000003
1.83,0.0,0.17,0.0,0.17,0.17,Wi23,math,MATH 20A,2022-11-07 08:00:00,2023-01-09 06:00:00,16.0,435.0,0.0367816091954023,2.34
1.25,0.17,1.83,0.33,1.42,0.0,Wi23,math,MATH 170B,2022-11-07 08:00:00,2023-01-09 06:00:00,0.0,140.0,0.0,5.0
1.92,0.42,1.17,0.33,3.67,0.67,Wi23,math,MATH 20E,2022-11-07 08:00:00,2023-01-09 06:00:00,61.0,505.0,0.1207920792079207,8.18
0.17,0.0,0.08,0.0,0.08,0.0,Wi23,math,MATH 175,2022-11-07 08:00:00,2023-01-09 06:00:00,0.0,15.0,0.0,0.33
3.67,0.08,0.17,0.0,2.75,0.42,Wi23,math,MATH 20D,2022-11-07 08:00:00,2023-01-09 06:00:00,55.0,612.0,0.0898692810457516,7.09
2.58,0.58,4.5,1.5,3.17,0.0,Wi23,math,MATH 171A,2022-11-07 08:00:00,2023-01-09 06:00:00,20.0,216.0,0.0925925925925925,12.33
3.0,0.92,9.67,1.92,7.83,0.0,Wi23,math,MATH 189,2022-11-07 08:00:00,2023-01-09 06:00:00,86.0,360.0,0.2388888888888889,23.34
0.42,0.0,0.08,0.17,0.83,0.17,Wi23,math,MATH 140A,2022-11-07 08:00:00,2023-01-09 06:00:00,3.0,69.0,0.0434782608695652,1.67
5.83,0.08,1.83,0.33,1.83,0.25,Wi23,math,MATH 10B,2022-11-07 08:00:00,2023-01-09 06:00:00,19.0,1000.0,0.019,10.15
0.33,0.08,0.33,0.08,0.42,0.0,Wi23,math,MATH 105,2022-11-07 08:00:00,2023-01-09 06:00:00,2.0,35.0,0.0571428571428571,1.24
1.67,0.08,0.5,0.17,1.92,0.5,Wi23,math,MATH 10C,2022-11-07 08:00:00,2023-01-09 06:00:00,4.0,358.0,0.0111731843575419,4.84
0.58,0.0,0.92,0.08,0.67,0.08,Wi23,math,MATH 140B,2022-11-07 08:00:00,2023-01-09 06:00:00,0.0,99.0,0.0,2.33
5.83,0.0,1.25,0.17,1.08,0.17,Wi23,math,MATH 10A,2022-11-07 08:00:00,2023-01-09 06:00:00,66.0,966.0,0.0683229813664596,8.5
0.17,0.08,0.5,0.08,0.33,0.0,Wi23,math,MATH 121A,2022-11-07 08:00:00,2023-01-09 06:00:00,0.0,30.0,0.0,1.16
0.67,0.08,0.83,0.17,1.33,0.08,Wi23,math,MATH 120A,2022-11-07 08:00:00,2023-01-09 06:00:00,14.0,70.0,0.2,3.16
0.25,0.08,0.5,0.0,0.08,0.17,Wi23,math,MATH 102,2022-11-07 08:00:00,2023-01-09 06:00:00,0.0,165.0,0.0,1.08
0.08,0.0,0.0,0.0,0.08,0.0,Wi23,math,MATH 31BH,2022-11-07 08:00:00,2023-01-09 06:00:00,0.0,50.0,0.0,0.16
0.42,0.0,0.75,0.17,0.17,0.08,Wi23,math,MATH 100B,2022-11-07 08:00:00,2023-01-09 06:00:00,0.0,90.0,0.0,1.5899999999999999
1.08,0.33,2.42,0.25,3.25,0.58,Wi24,math,MATH 181A,2023-11-14 08:00:00,2024-01-08 06:00:00,0.0,240.0,0.0,7.91
1.0,0.0,1.42,0.5,2.08,0.25,Wi24,math,MATH 142A,2023-11-14 08:00:00,2024-01-08 06:00:00,14.0,140.0,0.1,5.25
1.0,0.17,1.75,0.58,3.83,0.5,Wi24,math,MATH 103A,2023-11-14 08:00:00,2024-01-08 06:00:00,16.0,247.0,0.0647773279352226,7.83
0.5,0.0,0.17,0.0,0.0,0.08,Wi24,math,MATH 4C,2023-11-14 08:00:00,2024-01-08 06:00:00,0.0,142.0,0.0,0.75
1.25,0.25,2.58,0.25,2.25,0.17,Wi24,math,MATH 142B,2023-11-14 08:00:00,2024-01-08 06:00:00,0.0,146.0,0.0,6.75
2.33,0.67,7.58,1.42,5.5,0.0,Wi24,math,MATH 103B,2023-11-14 08:00:00,2024-01-08 06:00:00,41.0,282.0,0.1453900709219858,17.5
1.17,0.17,1.25,0.0,3.33,0.5,Wi24,math,MATH 180B,2023-11-14 08:00:00,2024-01-08 06:00:00,3.0,193.0,0.0155440414507772,6.42
0.25,0.08,0.0,0.0,0.33,0.42,Wi24,math,MATH 95,2023-11-14 08:00:00,2024-01-08 06:00:00,0.0,30.0,0.0,1.08
0.83,0.0,0.42,0.17,2.58,1.17,Wi24,math,MATH 180A,2023-11-14 08:00:00,2024-01-08 06:00:00,17.0,245.0,0.0693877551020408,5.17
1.25,0.08,1.08,0.42,3.33,1.17,Wi24,math,MATH 109,2023-11-14 08:00:00,2024-01-08 06:00:00,14.0,300.0,0.0466666666666666,7.33
1.92,0.08,0.08,0.08,0.33,0.0,Wi24,math,MATH 2,2023-11-14 08:00:00,2024-01-08 06:00:00,46.0,140.0,0.3285714285714285,2.49
4.42,0.08,0.58,0.25,2.92,0.83,Wi24,math,MATH 18,2023-11-14 08:00:00,2024-01-08 06:00:00,30.0,932.0,0.0321888412017167,9.08
0.25,0.17,0.5,0.08,0.33,0.17,Wi24,math,MATH 184,2023-11-14 08:00:00,2024-01-08 06:00:00,1.0,105.0,0.0095238095238095,1.5
1.25,0.25,2.58,0.42,2.25,0.25,Wi24,math,MATH 186,2023-11-14 08:00:00,2024-01-08 06:00:00,6.0,105.0,0.0571428571428571,7.0
2.25,0.5,3.83,1.0,4.17,0.5,Wi24,math,MATH 187A,2023-11-14 08:00:00,2024-01-08 06:00:00,29.0,204.0,0.142156862745098,12.25
1.17,0.0,0.33,0.25,2.83,0.58,Wi24,math,MATH 183,2023-11-14 08:00:00,2024-01-08 06:00:00,27.0,194.0,0.1391752577319587,5.16
1.42,0.0,2.17,0.58,4.0,0.58,Wi24,math,MATH 154,2023-11-14 08:00:00,2024-01-08 06:00:00,50.0,140.0,0.3571428571428571,8.75
0.17,0.08,0.0,0.0,0.0,0.0,Wi24,math,MATH 112A,2023-11-14 08:00:00,2024-01-08 06:00:00,0.0,20.0,0.0,0.25
0.67,0.08,0.58,0.5,1.92,0.0,Wi24,math,MATH 196,2023-11-14 08:00:00,2024-01-08 06:00:00,7.0,45.0,0.1555555555555555,3.75
1.0,0.08,0.92,-0.08,0.42,0.0,Wi24,math,MATH 173B,2023-11-14 08:00:00,2024-01-08 06:00:00,0.0,70.0,0.0,2.34
0.25,0.0,0.25,0.0,-0.08,0.0,Wi24,math,MATH 104B,2023-11-14 08:00:00,2024-01-08 06:00:00,0.0,35.0,0.0,0.42
1.58,0.33,3.17,0.58,2.25,0.33,Wi24,math,MATH 194,2023-11-14 08:00:00,2024-01-08 06:00:00,10.0,145.0,0.0689655172413793,8.24
0.92,0.0,0.08,0.0,0.25,0.0,Wi24,math,MATH 3C,2023-11-14 08:00:00,2024-01-08 06:00:00,21.0,326.0,0.0644171779141104,1.25
3.58,0.0,0.42,0.42,1.75,0.5,Wi24,math,MATH 20C,2023-11-14 08:00:00,2024-01-08 06:00:00,32.0,905.0,0.0353591160220994,6.67
1.92,0.17,0.83,0.17,3.0,1.08,Wi24,math,MATH 11,2023-11-14 08:00:00,2024-01-08 06:00:00,35.0,422.0,0.0829383886255924,7.17
3.42,0.17,0.25,0.25,0.67,0.25,Wi24,math,MATH 20B,2023-11-14 08:00:00,2024-01-08 06:00:00,11.0,838.0,0.013126491646778,5.01
0.25,0.0,0.58,0.17,0.83,0.5,Wi24,math,MATH 170A,2023-11-14 08:00:00,2024-01-08 06:00:00,5.0,185.0,0.027027027027027,2.33
0.33,0.0,0.42,0.0,0.42,0.08,Wi24,math,MATH 150A,2023-11-14 08:00:00,2024-01-08 06:00:00,11.0,35.0,0.3142857142857143,1.25
0.33,0.0,0.25,0.0,0.92,0.0,Wi24,math,MATH 158,2023-11-14 08:00:00,2024-01-08 06:00:00,1.0,35.0,0.0285714285714285,1.5
1.5,0.67,0.33,0.0,0.0,0.0,Wi24,math,MATH 111A,2023-11-14 08:00:00,2024-01-08 06:00:00,22.0,30.0,0.7333333333333333,2.5
2.33,0.0,0.08,0.0,0.17,0.0,Wi24,math,MATH 20A,2023-11-14 08:00:00,2024-01-08 06:00:00,19.0,408.0,0.0465686274509803,2.58
1.0,0.33,2.17,0.58,1.42,0.0,Wi24,math,MATH 170B,2023-11-14 08:00:00,2024-01-08 06:00:00,0.0,140.0,0.0,5.5
1.33,0.17,0.83,0.17,2.33,1.0,Wi24,math,MATH 20E,2023-11-14 08:00:00,2024-01-08 06:00:00,1.0,455.0,0.0021978021978021,5.83
0.0,0.0,0.17,0.0,0.25,0.08,Wi24,math,MATH 175,2023-11-14 08:00:00,2024-01-08 06:00:00,0.0,20.0,0.0,0.5
2.75,0.0,0.5,0.17,1.75,0.58,Wi24,math,MATH 20D,2023-11-14 08:00:00,2024-01-08 06:00:00,4.0,600.0,0.0066666666666666,5.75
1.83,0.75,6.0,0.83,2.92,0.0,Wi24,math,MATH 171A,2023-11-14 08:00:00,2024-01-08 06:00:00,54.0,148.0,0.3648648648648648,12.33
4.25,1.5,1.75,0.0,0.0,0.0,Wi24,math,MATH 189,2023-11-14 08:00:00,2024-01-08 06:00:00,54.0,228.0,0.2368421052631578,7.5
0.67,0.0,0.25,0.08,1.58,0.08,Wi24,math,MATH 140A,2023-11-14 08:00:00,2024-01-08 06:00:00,13.0,70.0,0.1857142857142857,2.66
6.08,0.33,1.5,0.58,3.92,0.58,Wi24,math,MATH 10B,2023-11-14 08:00:00,2024-01-08 06:00:00,91.0,1126.0,0.080817051509769,12.99
1.17,0.08,0.67,0.42,1.33,0.42,Wi24,math,MATH 10C,2023-11-14 08:00:00,2024-01-08 06:00:00,13.0,345.0,0.0376811594202898,4.09
0.67,0.25,1.08,0.17,0.92,0.08,Wi24,math,MATH 140B,2023-11-14 08:00:00,2024-01-08 06:00:00,0.0,105.0,0.0,3.17
7.17,0.08,0.25,0.08,1.33,0.17,Wi24,math,MATH 10A,2023-11-14 08:00:00,2024-01-08 06:00:00,33.0,888.0,0.0371621621621621,9.08
0.25,0.0,0.33,0.17,0.58,0.17,Wi24,math,MATH 121A,2023-11-14 08:00:00,2024-01-08 06:00:00,0.0,30.0,0.0,1.5
1.08,0.25,1.17,0.25,0.42,0.0,Wi24,math,MATH 120A,2023-11-14 08:00:00,2024-01-08 06:00:00,10.0,74.0,0.1351351351351351,3.17
0.67,0.08,0.67,0.08,1.58,0.17,Wi24,math,MATH 102,2023-11-14 08:00:00,2024-01-08 06:00:00,13.0,175.0,0.0742857142857142,3.25
0.08,0.0,0.0,0.0,0.0,0.0,Wi24,math,MATH 31BH,2023-11-14 08:00:00,2024-01-08 06:00:00,0.0,60.0,0.0,0.08
0.75,0.25,1.17,0.25,1.42,0.33,Wi24,math,MATH 100B,2023-11-14 08:00:00,2024-01-08 06:00:00,16.0,70.0,0.2285714285714285,4.17
1.42,0.25,3.33,0.75,5.67,0.42,Wi25,math,MATH 181A,2024-11-12 08:00:00,2025-01-06 06:00:00,3.0,240.0,0.0125,11.84
1.08,0.17,1.83,0.17,2.17,0.58,Wi25,math,MATH 142A,2024-11-12 08:00:00,2025-01-06 06:00:00,6.0,175.0,0.0342857142857142,6.0
0.5,0.08,2.0,0.17,3.75,0.17,Wi25,math,MATH 103A,2024-11-12 08:00:00,2025-01-06 06:00:00,15.0,165.0,0.0909090909090909,6.67
0.33,0.0,0.0,0.0,0.0,0.08,Wi25,math,MATH 4C,2024-11-12 08:00:00,2025-01-06 06:00:00,15.0,70.0,0.2142857142857142,0.41000000000000003
1.75,0.5,3.17,0.33,1.33,0.0,Wi25,math,MATH 142B,2024-11-12 08:00:00,2025-01-06 06:00:00,9.0,105.0,0.0857142857142857,7.08
2.42,0.92,5.58,0.58,5.92,1.0,Wi25,math,MATH 103B,2024-11-12 08:00:00,2025-01-06 06:00:00,29.0,234.0,0.1239316239316239,16.42
0.58,0.25,1.25,0.17,2.17,0.08,Wi25,math,MATH 180B,2024-11-12 08:00:00,2025-01-06 06:00:00,0.0,175.0,0.0,4.5
0.17,0.17,0.33,0.08,0.08,0.08,Wi25,math,MATH 95,2024-11-12 08:00:00,2025-01-06 06:00:00,0.0,37.0,0.0,0.9099999999999999
1.08,0.42,0.08,0.0,0.75,0.17,Wi25,math,MATH 181E,2024-11-12 08:00:00,2025-01-06 06:00:00,0.0,45.0,0.0,2.5
0.58,0.17,0.75,0.25,4.0,0.75,Wi25,math,MATH 180A,2024-11-12 08:00:00,2025-01-06 06:00:00,0.0,304.0,0.0,6.5
1.92,0.08,1.0,0.33,2.58,0.25,Wi25,math,MATH 109,2024-11-12 08:00:00,2025-01-06 06:00:00,33.0,308.0,0.1071428571428571,6.16
0.83,0.08,0.17,0.08,0.25,0.0,Wi25,math,MATH 2,2024-11-12 08:00:00,2025-01-06 06:00:00,0.0,340.0,0.0,1.41
0.83,0.42,0.83,0.25,0.33,0.0,Wi25,math,MATH 185,2024-11-12 08:00:00,2025-01-06 06:00:00,0.0,70.0,0.0,2.66
5.5,0.25,1.25,0.08,3.0,0.25,Wi25,math,MATH 18,2024-11-12 08:00:00,2025-01-06 06:00:00,106.0,980.0,0.1081632653061224,10.33
0.58,0.17,0.42,0.0,1.17,0.08,Wi25,math,MATH 184,2024-11-12 08:00:00,2025-01-06 06:00:00,0.0,105.0,0.0,2.42
2.08,1.5,2.5,0.33,1.83,0.0,Wi25,math,MATH 186,2024-11-12 08:00:00,2025-01-06 06:00:00,1.0,132.0,0.0075757575757575,8.24
2.17,1.25,4.42,1.0,3.0,0.67,Wi25,math,MATH 187A,2024-11-12 08:00:00,2025-01-06 06:00:00,21.0,216.0,0.0972222222222222,12.51
1.58,0.25,1.5,0.0,0.0,0.0,Wi25,math,MATH 183,2024-11-12 08:00:00,2025-01-06 06:00:00,5.0,172.0,0.0290697674418604,3.33
0.75,0.17,1.42,0.25,2.58,0.5,Wi25,math,MATH 154,2024-11-12 08:00:00,2025-01-06 06:00:00,0.0,215.0,0.0,5.67
0.25,0.0,0.25,0.0,0.25,0.08,Wi25,math,MATH 112A,2024-11-12 08:00:00,2025-01-06 06:00:00,2.0,27.0,0.074074074074074,0.83
0.25,0.33,0.5,0.0,0.33,0.17,Wi25,math,MATH 196,2024-11-12 08:00:00,2025-01-06 06:00:00,0.0,40.0,0.0,1.58
0.42,0.42,1.25,0.17,0.67,0.0,Wi25,math,MATH 190A,2024-11-12 08:00:00,2025-01-06 06:00:00,8.0,35.0,0.2285714285714285,2.9299999999999997
2.0,0.25,1.92,0.08,1.25,0.17,Wi25,math,MATH 173B,2024-11-12 08:00:00,2025-01-06 06:00:00,0.0,105.0,0.0,5.67
0.0,0.08,0.17,0.0,-0.08,0.0,Wi25,math,MATH 104B,2024-11-12 08:00:00,2025-01-06 06:00:00,0.0,35.0,0.0,0.16999999999999998
2.0,0.25,0.33,0.0,0.5,0.25,Wi25,math,MATH 3C,2024-11-12 08:00:00,2025-01-06 06:00:00,31.0,439.0,0.0706150341685649,3.33
1.75,0.25,0.25,-0.08,0.58,0.0,Wi25,math,MATH 3B,2024-11-12 08:00:00,2025-01-06 06:00:00,1.0,388.0,0.0025773195876288,2.75
4.42,0.17,0.42,0.17,1.83,0.25,Wi25,math,MATH 20C,2024-11-12 08:00:00,2025-01-06 06:00:00,111.0,949.0,0.1169652265542676,7.26
0.58,0.0,0.0,0.0,0.08,0.0,Wi25,math,MATH 111B,2024-11-12 08:00:00,2025-01-06 06:00:00,0.0,35.0,0.0,0.6599999999999999
1.75,0.17,1.33,0.17,3.25,1.33,Wi25,math,MATH 11,2024-11-12 08:00:00,2025-01-06 06:00:00,51.0,408.0,0.125,8.0
2.17,0.0,0.58,0.17,0.42,0.08,Wi25,math,MATH 20B,2024-11-12 08:00:00,2025-01-06 06:00:00,37.0,701.0,0.0527817403708987,3.42
1.42,0.17,1.75,0.5,2.75,1.17,Wi25,math,MATH 170A,2024-11-12 08:00:00,2025-01-06 06:00:00,0.0,280.0,0.0,7.76
0.67,0.08,0.58,0.0,0.83,0.08,Wi25,math,MATH 150A,2024-11-12 08:00:00,2025-01-06 06:00:00,0.0,70.0,0.0,2.24
2.5,0.08,0.17,0.0,0.0,0.0,Wi25,math,MATH 20A,2024-11-12 08:00:00,2025-01-06 06:00:00,49.0,342.0,0.1432748538011695,2.75
0.83,0.42,1.58,0.5,1.92,0.08,Wi25,math,MATH 170B,2024-11-12 08:00:00,2025-01-06 06:00:00,0.0,110.0,0.0,5.33
1.25,0.17,0.42,0.42,3.25,0.58,Wi25,math,MATH 20E,2024-11-12 08:00:00,2025-01-06 06:00:00,4.0,451.0,0.0088691796008869,6.09
0.17,0.0,0.5,0.17,0.25,0.0,Wi25,math,MATH 175,2024-11-12 08:00:00,2025-01-06 06:00:00,0.0,25.0,0.0,1.09
1.58,0.0,0.17,0.25,2.58,0.67,Wi25,math,MATH 20D,2024-11-12 08:00:00,2025-01-06 06:00:00,22.0,657.0,0.0334855403348554,5.25
1.75,0.92,5.83,0.83,2.25,0.0,Wi25,math,MATH 171A,2024-11-12 08:00:00,2025-01-06 06:00:00,25.0,192.0,0.1302083333333333,11.58
5.0,0.0,0.0,0.0,0.0,0.0,Wi25,math,MATH 189,2024-11-12 08:00:00,2025-01-06 06:00:00,139.0,190.0,0.7315789473684211,5.0
0.33,0.33,0.33,0.08,1.17,0.25,Wi25,math,MATH 140A,2024-11-12 08:00:00,2025-01-06 06:00:00,0.0,74.0,0.0,2.49
0.0,0.0,0.0,0.0,0.0,0.0,Wi25,math,MATH 10B,2024-11-12 08:00:00,2025-01-06 06:00:00,76.0,1086.0,0.0699815837937384,0.0
2.0,0.17,1.67,0.42,2.42,0.67,Wi25,math,MATH 10C,2024-11-12 08:00:00,2025-01-06 06:00:00,5.0,341.0,0.0146627565982404,7.35
0.25,0.17,0.5,0.25,0.08,0.25,Wi25,math,MATH 140B,2024-11-12 08:00:00,2025-01-06 06:00:00,0.0,72.0,0.0,1.5
4.75,0.17,0.58,0.08,1.25,0.42,Wi25,math,MATH 10A,2024-11-12 08:00:00,2025-01-06 06:00:00,4.0,680.0,0.0058823529411764,7.25
0.25,0.0,0.0,0.0,0.33,0.17,Wi25,math,MATH 121A,2024-11-12 08:00:00,2025-01-06 06:00:00,0.0,35.0,0.0,0.7500000000000001
0.33,0.17,0.67,0.08,0.25,0.08,Wi25,math,MATH 120A,2024-11-12 08:00:00,2025-01-06 06:00:00,0.0,70.0,0.0,1.58
0.25,0.17,0.42,0.0,0.75,0.08,Wi25,math,MATH 102,2024-11-12 08:00:00,2025-01-06 06:00:00,0.0,105.0,0.0,1.6700000000000002
0.0,0.0,0.0,0.0,0.0,0.0,Wi25,math,MATH 31BH,2024-11-12 08:00:00,2025-01-06 06:00:00,0.0,70.0,0.0,0.0
0.83,0.5,1.33,0.25,1.0,0.17,Wi25,math,MATH 100B,2024-11-12 08:00:00,2025-01-06 06:00:00,11.0,70.0,0.1571428571428571,4.08
0.25,0.08,0.25,0.08,0.33,0.25,Wi25,math,MATH 100A,2024-11-12 08:00:00,2025-01-06 06:00:00,0.0,70.0,0.0,1.24
1.42,0.83,0.08,0.25,3.25,0.5,Sp25,math,MATH 181A,2025-02-15 08:00:00,2025-03-31 06:00:00,64.0,120.0,0.5333333333333333,6.33
0.25,0.33,0.0,0.0,1.08,0.17,Sp25,math,MATH 181B,2025-02-15 08:00:00,2025-03-31 06:00:00,0.0,140.0,0.0,1.83
0.25,0.17,0.0,0.0,-0.08,0.0,Sp25,math,MATH 4C,2025-02-15 08:00:00,2025-03-31 06:00:00,0.0,70.0,0.0,0.34
1.25,0.25,0.17,0.08,1.83,0.08,Sp25,math,MATH 142B,2025-02-15 08:00:00,2025-03-31 06:00:00,5.0,170.0,0.0294117647058823,3.66
0.25,0.5,0.0,0.0,1.83,0.17,Sp25,math,MATH 103B,2025-02-15 08:00:00,2025-03-31 06:00:00,0.0,210.0,0.0,2.75
0.42,0.25,0.0,0.08,0.58,0.17,Sp25,math,MATH 180C,2025-02-15 08:00:00,2025-03-31 06:00:00,0.0,72.0,0.0,1.4999999999999998
0.25,0.17,0.08,0.08,0.83,0.25,Sp25,math,MATH 180B,2025-02-15 08:00:00,2025-03-31 06:00:00,0.0,192.0,0.0,1.66
0.08,0.0,0.0,0.0,0.08,0.17,Sp25,math,MATH 95,2025-02-15 08:00:00,2025-03-31 06:00:00,1.0,35.0,0.0285714285714285,0.33
0.83,0.17,0.08,0.0,0.42,0.25,Sp25,math,MATH 180A,2025-02-15 08:00:00,2025-03-31 06:00:00,3.0,284.0,0.0105633802816901,1.75
0.75,0.0,0.08,0.0,0.75,0.25,Sp25,math,MATH 109,2025-02-15 08:00:00,2025-03-31 06:00:00,2.0,281.0,0.0071174377224199,1.83
0.25,0.0,0.0,0.0,0.17,0.0,Sp25,math,MATH 2,2025-02-15 08:00:00,2025-03-31 06:00:00,0.0,190.0,0.0,0.42000000000000004
0.17,0.17,0.0,0.08,0.67,0.25,Sp25,math,MATH 185,2025-02-15 08:00:00,2025-03-31 06:00:00,0.0,70.0,0.0,1.34
0.0,0.08,0.0,0.0,0.25,0.0,Sp25,math,MATH 146,2025-02-15 08:00:00,2025-03-31 06:00:00,0.0,35.0,0.0,0.33
1.0,0.5,0.17,0.0,1.67,0.58,Sp25,math,MATH 152,2025-02-15 08:00:00,2025-03-31 06:00:00,25.0,52.0,0.4807692307692308,3.92
0.42,0.33,0.25,0.0,2.17,0.25,Sp25,math,MATH 187B,2025-02-15 08:00:00,2025-03-31 06:00:00,9.0,70.0,0.1285714285714285,3.42
3.25,0.5,0.25,0.17,1.83,0.25,Sp25,math,MATH 18,2025-02-15 08:00:00,2025-03-31 06:00:00,64.0,880.0,0.0727272727272727,6.25
0.25,0.08,0.08,0.0,0.42,0.17,Sp25,math,MATH 184,2025-02-15 08:00:00,2025-03-31 06:00:00,0.0,140.0,0.0,1.0
0.0,0.0,0.0,0.0,0.17,0.0,Sp25,math,MATH 179,2025-02-15 08:00:00,2025-03-31 06:00:00,0.0,25.0,0.0,0.17
1.58,0.75,0.17,0.08,4.25,0.5,Sp25,math,MATH 187A,2025-02-15 08:00:00,2025-03-31 06:00:00,34.0,192.0,0.1770833333333333,7.33
1.33,0.17,0.0,0.08,0.67,0.58,Sp25,math,MATH 183,2025-02-15 08:00:00,2025-03-31 06:00:00,31.0,193.0,0.160621761658031,2.83
0.67,0.17,0.17,0.08,0.58,0.33,Sp25,math,MATH 154,2025-02-15 08:00:00,2025-03-31 06:00:00,29.0,214.0,0.1355140186915887,2.0
1.67,0.83,0.17,0.08,2.58,0.33,Sp25,math,MATH 194,2025-02-15 08:00:00,2025-03-31 06:00:00,35.0,60.0,0.5833333333333334,5.66
0.0,0.0,0.0,0.0,0.0,0.0,Sp25,math,MATH 112B,2025-02-15 08:00:00,2025-03-31 06:00:00,0.0,25.0,0.0,0.0
1.08,0.17,0.08,0.0,0.25,0.08,Sp25,math,MATH 3C,2025-02-15 08:00:00,2025-03-31 06:00:00,1.0,376.0,0.0026595744680851,1.6600000000000001
1.08,0.08,0.08,0.0,0.17,0.08,Sp25,math,MATH 3B,2025-02-15 08:00:00,2025-03-31 06:00:00,2.0,144.0,0.0138888888888888,1.4900000000000002
0.17,0.25,0.0,0.08,0.5,0.0,Sp25,math,MATH 190B,2025-02-15 08:00:00,2025-03-31 06:00:00,0.0,35.0,0.0,1.0
0.17,0.0,0.0,0.0,0.17,0.0,Sp25,math,MATH 150B,2025-02-15 08:00:00,2025-03-31 06:00:00,0.0,35.0,0.0,0.34
2.0,0.08,0.17,0.08,1.08,0.33,Sp25,math,MATH 11,2025-02-15 08:00:00,2025-03-31 06:00:00,19.0,586.0,0.0324232081911262,3.74
0.67,0.08,-0.08,0.08,1.17,0.33,Sp25,math,MATH 170A,2025-02-15 08:00:00,2025-03-31 06:00:00,1.0,140.0,0.0071428571428571,2.25
0.08,0.0,0.0,0.08,0.33,0.25,Sp25,math,MATH 170C,2025-02-15 08:00:00,2025-03-31 06:00:00,0.0,35.0,0.0,0.74
0.33,0.33,0.25,0.0,1.58,0.0,Sp25,math,MATH 111A,2025-02-15 08:00:00,2025-03-31 06:00:00,16.0,30.0,0.5333333333333333,2.49
0.5,0.25,0.08,0.0,1.75,0.25,Sp25,math,MATH 170B,2025-02-15 08:00:00,2025-03-31 06:00:00,0.0,110.0,0.0,2.83
0.5,0.42,0.0,0.08,1.42,0.25,Sp25,math,MATH 171B,2025-02-15 08:00:00,2025-03-31 06:00:00,0.0,130.0,0.0,2.67
3.42,1.5,0.0,0.0,0.0,0.0,Sp25,math,MATH 189,2025-02-15 08:00:00,2025-03-31 06:00:00,125.0,198.0,0.6313131313131313,4.92
1.67,0.42,0.0,0.0,0.0,0.0,Sp25,math,MATH 163,2025-02-15 08:00:00,2025-03-31 06:00:00,14.0,35.0,0.4,2.09
4.17,0.25,0.0,0.0,1.5,0.58,Sp25,math,MATH 10B,2025-02-15 08:00:00,2025-03-31 06:00:00,33.0,746.0,0.0442359249329758,6.5
0.33,0.33,0.0,0.0,0.42,0.33,Sp25,math,MATH 110,2025-02-15 08:00:00,2025-03-31 06:00:00,9.0,105.0,0.0857142857142857,1.4100000000000001
3.08,0.58,0.08,-0.08,1.33,0.25,Sp25,math,MATH 10C,2025-02-15 08:00:00,2025-03-31 06:00:00,7.0,604.0,0.0115894039735099,5.24
0.17,0.0,0.0,0.08,0.17,0.25,Sp25,math,MATH 121B,2025-02-15 08:00:00,2025-03-31 06:00:00,0.0,35.0,0.0,0.67
0.0,0.0,0.0,0.0,0.0,0.0,Sp25,math,MATH 31CH,2025-02-15 08:00:00,2025-03-31 06:00:00,0.0,35.0,0.0,0.0
0.0,0.08,0.0,0.0,0.17,0.0,Sp25,math,MATH 140B,2025-02-15 08:00:00,2025-03-31 06:00:00,0.0,70.0,0.0,0.25
2.75,0.5,0.17,0.0,0.5,0.0,Sp25,math,MATH 10A,2025-02-15 08:00:00,2025-03-31 06:00:00,0.0,475.0,0.0,3.92
0.17,0.0,0.0,0.0,0.42,0.0,Sp25,math,MATH 140C,2025-02-15 08:00:00,2025-03-31 06:00:00,0.0,70.0,0.0,0.59
0.5,0.0,0.0,0.0,0.5,0.08,Sp25,math,MATH 100C,2025-02-15 08:00:00,2025-03-31 06:00:00,0.0,68.0,0.0,1.08
0.75,0.25,0.17,-0.08,1.0,0.42,Sp25,math,MATH 102,2025-02-15 08:00:00,2025-03-31 06:00:00,0.0,274.0,0.0,2.51
0.08,0.0,0.0,0.0,0.33,0.0,Sp25,math,MATH 100B,2025-02-15 08:00:00,2025-03-31 06:00:00,0.0,69.0,0.0,0.41000000000000003
0.25,0.08,0.0,0.0,0.25,0.0,Sp25,math,MATH 120B,2025-02-15 08:00:00,2025-03-31 06:00:00,0.0,70.0,0.0,0.5800000000000001
0.67,0.17,0.0,0.25,0.75,0.25,Sp25,math,MATH 114,2025-02-15 08:00:00,2025-03-31 06:00:00,9.0,60.0,0.15,2.09
0.5,0.33,0.0,0.08,1.92,0.33,Sp23,math,MATH 181A,2023-02-18 08:00:00,2023-04-03 06:00:00,25.0,185.0,0.1351351351351351,3.16
0.75,0.25,0.08,0.0,1.83,0.33,Sp23,math,MATH 181B,2023-02-18 08:00:00,2023-04-03 06:00:00,0.0,140.0,0.0,3.24
0.25,0.0,0.0,0.0,0.0,0.0,Sp23,math,MATH 4C,2023-02-18 08:00:00,2023-04-03 06:00:00,0.0,36.0,0.0,0.25
0.75,0.42,0.17,0.0,2.17,0.75,Sp23,math,MATH 142B,2023-02-18 08:00:00,2023-04-03 06:00:00,7.0,140.0,0.05,4.26
1.17,0.25,0.08,0.0,3.42,0.67,Sp23,math,MATH 103B,2023-02-18 08:00:00,2023-04-03 06:00:00,1.0,240.0,0.0041666666666666,5.59
0.83,0.17,0.25,0.0,3.17,0.5,Sp23,math,MATH 180C,2023-02-18 08:00:00,2023-04-03 06:00:00,7.0,146.0,0.047945205479452,4.92
0.25,0.08,0.0,0.08,0.67,0.0,Sp23,math,MATH 180B,2023-02-18 08:00:00,2023-04-03 06:00:00,2.0,107.0,0.0186915887850467,1.08
0.08,0.0,0.0,0.0,0.25,0.0,Sp23,math,MATH 95,2023-02-18 08:00:00,2023-04-03 06:00:00,0.0,30.0,0.0,0.33
0.58,0.08,0.0,0.08,0.5,0.25,Sp23,math,MATH 180A,2023-02-18 08:00:00,2023-04-03 06:00:00,19.0,215.0,0.0883720930232558,1.4899999999999998
0.83,0.08,0.17,0.0,0.5,0.42,Sp23,math,MATH 109,2023-02-18 08:00:00,2023-04-03 06:00:00,15.0,300.0,0.05,1.9999999999999998
0.92,0.0,0.25,0.0,2.5,0.08,Sp23,math,MATH 185,2023-02-18 08:00:00,2023-04-03 06:00:00,0.0,105.0,0.0,3.75
0.0,0.0,0.08,0.0,0.0,0.0,Sp23,math,MATH 146,2023-02-18 08:00:00,2023-04-03 06:00:00,0.0,30.0,0.0,0.08
2.58,0.33,0.17,0.08,0.5,0.08,Sp23,math,MATH 18,2023-02-18 08:00:00,2023-04-03 06:00:00,36.0,722.0,0.0498614958448753,3.74
0.08,0.0,0.08,0.0,0.17,0.0,Sp23,math,MATH 184,2023-02-18 08:00:00,2023-04-03 06:00:00,1.0,140.0,0.0071428571428571,0.33
0.0,0.0,0.0,0.08,0.08,0.0,Sp23,math,MATH 179,2023-02-18 08:00:00,2023-04-03 06:00:00,0.0,25.0,0.0,0.16
2.17,1.08,0.67,0.17,4.75,1.17,Sp23,math,MATH 187A,2023-02-18 08:00:00,2023-04-03 06:00:00,30.0,194.0,0.1546391752577319,10.01
1.42,0.33,0.0,0.0,1.0,0.33,Sp23,math,MATH 183,2023-02-18 08:00:00,2023-04-03 06:00:00,22.0,270.0,0.0814814814814814,3.08
1.42,0.17,0.17,0.0,0.92,0.42,Sp23,math,MATH 154,2023-02-18 08:00:00,2023-04-03 06:00:00,70.0,192.0,0.3645833333333333,3.0999999999999996
0.0,0.0,0.0,0.0,0.25,0.0,Sp23,math,MATH 104B,2023-02-18 08:00:00,2023-04-03 06:00:00,0.0,30.0,0.0,0.25
0.25,0.0,0.0,0.0,0.08,0.0,Sp23,math,MATH 3C,2023-02-18 08:00:00,2023-04-03 06:00:00,2.0,179.0,0.0111731843575419,0.33
2.92,0.08,0.08,0.25,0.58,0.08,Sp23,math,MATH 20C,2023-02-18 08:00:00,2023-04-03 06:00:00,4.0,679.0,0.0058910162002945,3.99
1.42,0.33,0.33,0.0,1.67,0.58,Sp23,math,MATH 11,2023-02-18 08:00:00,2023-04-03 06:00:00,43.0,444.0,0.0968468468468468,4.33
2.08,0.0,0.08,0.08,0.08,0.0,Sp23,math,MATH 20B,2023-02-18 08:00:00,2023-04-03 06:00:00,14.0,462.0,0.0303030303030303,2.3200000000000003
0.17,0.08,0.08,0.0,0.5,0.0,Sp23,math,MATH 170A,2023-02-18 08:00:00,2023-04-03 06:00:00,7.0,144.0,0.0486111111111111,0.8300000000000001
0.0,0.0,0.0,0.0,0.58,0.17,Sp23,math,MATH 170C,2023-02-18 08:00:00,2023-04-03 06:00:00,0.0,70.0,0.0,0.75
0.83,0.0,0.0,0.0,0.0,0.17,Sp23,math,MATH 20A,2023-02-18 08:00:00,2023-04-03 06:00:00,36.0,192.0,0.1875,1.0
0.5,0.17,0.25,-0.08,1.08,0.5,Sp23,math,MATH 170B,2023-02-18 08:00:00,2023-04-03 06:00:00,0.0,128.0,0.0,2.42
0.83,0.33,0.25,0.0,1.17,0.33,Sp23,math,MATH 171B,2023-02-18 08:00:00,2023-04-03 06:00:00,0.0,105.0,0.0,2.91
2.58,0.08,0.17,0.0,0.92,0.0,Sp23,math,MATH 20E,2023-02-18 08:00:00,2023-04-03 06:00:00,30.0,607.0,0.0494233937397034,3.75
2.0,0.33,0.17,0.0,0.33,0.08,Sp23,math,MATH 20D,2023-02-18 08:00:00,2023-04-03 06:00:00,29.0,521.0,0.055662188099808,2.91
2.17,1.0,0.33,0.17,5.42,1.17,Sp23,math,MATH 189,2023-02-18 08:00:00,2023-04-03 06:00:00,82.0,221.0,0.3710407239819004,10.26
0.83,0.0,0.0,0.0,0.0,0.0,Sp23,math,MATH 163,2023-02-18 08:00:00,2023-04-03 06:00:00,27.0,30.0,0.9,0.83
4.17,0.25,0.17,0.08,1.0,0.83,Sp23,math,MATH 10B,2023-02-18 08:00:00,2023-04-03 06:00:00,77.0,790.0,0.0974683544303797,6.5
2.0,0.08,0.0,0.0,0.42,0.42,Sp23,math,MATH 10C,2023-02-18 08:00:00,2023-04-03 06:00:00,4.0,415.0,0.0096385542168674,2.92
0.17,0.08,0.0,0.08,0.33,0.0,Sp23,math,MATH 121B,2023-02-18 08:00:00,2023-04-03 06:00:00,0.0,25.0,0.0,0.66
0.0,0.0,0.0,0.0,0.0,0.0,Sp23,math,MATH 31CH,2023-02-18 08:00:00,2023-04-03 06:00:00,0.0,37.0,0.0,0.0
0.33,0.0,0.0,0.0,0.25,0.08,Sp23,math,MATH 140B,2023-02-18 08:00:00,2023-04-03 06:00:00,0.0,64.0,0.0,0.66
2.25,0.17,0.17,0.0,0.42,-0.08,Sp23,math,MATH 10A,2023-02-18 08:00:00,2023-04-03 06:00:00,20.0,360.0,0.0555555555555555,2.9299999999999997
0.08,0.17,0.0,0.0,0.42,0.0,Sp23,math,MATH 140C,2023-02-18 08:00:00,2023-04-03 06:00:00,0.0,35.0,0.0,0.6699999999999999
0.17,0.0,0.0,0.08,0.0,0.08,Sp23,math,MATH 100C,2023-02-18 08:00:00,2023-04-03 06:00:00,0.0,50.0,0.0,0.33
0.83,0.33,-0.17,0.0,0.75,0.08,Sp23,math,MATH 102,2023-02-18 08:00:00,2023-04-03 06:00:00,5.0,240.0,0.0208333333333333,1.8199999999999998
0.08,0.17,0.0,0.0,0.58,0.17,Sp23,math,MATH 120B,2023-02-18 08:00:00,2023-04-03 06:00:00,0.0,70.0,0.0,1.0
0.33,0.33,0.08,0.0,1.08,0.5,Sp23,math,MATH 114,2023-02-18 08:00:00,2023-04-03 06:00:00,6.0,53.0,0.1132075471698113,2.3200000000000003
1.58,0.33,0.42,0.0,4.17,0.58,Sp24,math,MATH 181A,2024-02-17 08:00:00,2024-04-01 06:00:00,64.0,140.0,0.4571428571428571,7.08
0.33,0.25,0.08,0.0,0.33,0.17,Sp24,math,MATH 181B,2024-02-17 08:00:00,2024-04-01 06:00:00,0.0,140.0,0.0,1.16
1.67,0.17,0.08,0.0,1.75,0.17,Sp24,math,MATH 142B,2024-02-17 08:00:00,2024-04-01 06:00:00,4.0,210.0,0.019047619047619,3.84
1.5,0.17,0.17,0.0,2.17,0.67,Sp24,math,MATH 103B,2024-02-17 08:00:00,2024-04-01 06:00:00,5.0,272.0,0.0183823529411764,4.68
0.67,0.08,0.0,0.0,0.42,0.17,Sp24,math,MATH 180C,2024-02-17 08:00:00,2024-04-01 06:00:00,0.0,140.0,0.0,1.3399999999999999
0.42,0.08,0.17,0.0,0.92,0.25,Sp24,math,MATH 180B,2024-02-17 08:00:00,2024-04-01 06:00:00,0.0,142.0,0.0,1.84
0.0,0.0,0.08,0.0,0.25,0.08,Sp24,math,MATH 95,2024-02-17 08:00:00,2024-04-01 06:00:00,1.0,30.0,0.0333333333333333,0.41000000000000003
0.67,0.08,0.17,0.0,0.75,0.5,Sp24,math,MATH 180A,2024-02-17 08:00:00,2024-04-01 06:00:00,2.0,238.0,0.0084033613445378,2.17
1.08,0.17,0.0,0.0,0.58,0.33,Sp24,math,MATH 109,2024-02-17 08:00:00,2024-04-01 06:00:00,12.0,220.0,0.0545454545454545,2.16
1.17,0.08,0.08,0.0,0.17,0.0,Sp24,math,MATH 2,2024-02-17 08:00:00,2024-04-01 06:00:00,27.0,105.0,0.2571428571428571,1.5
0.92,0.33,0.0,0.17,2.25,0.58,Sp24,math,MATH 185,2024-02-17 08:00:00,2024-04-01 06:00:00,1.0,140.0,0.0071428571428571,4.25
1.17,0.5,0.25,0.17,1.25,0.0,Sp24,math,MATH 152,2024-02-17 08:00:00,2024-04-01 06:00:00,32.0,40.0,0.8,3.34
0.75,0.17,0.0,0.08,2.67,0.17,Sp24,math,MATH 187B,2024-02-17 08:00:00,2024-04-01 06:00:00,20.0,70.0,0.2857142857142857,3.84
2.67,0.5,0.33,0.0,1.08,0.0,Sp24,math,MATH 18,2024-02-17 08:00:00,2024-04-01 06:00:00,56.0,744.0,0.075268817204301,4.58
0.5,0.25,0.08,0.0,0.58,0.08,Sp24,math,MATH 184,2024-02-17 08:00:00,2024-04-01 06:00:00,0.0,140.0,0.0,1.49
1.25,1.0,0.25,0.0,6.5,1.08,Sp24,math,MATH 187A,2024-02-17 08:00:00,2024-04-01 06:00:00,38.0,248.0,0.1532258064516129,10.08
0.0,0.0,0.08,0.08,0.25,0.17,Sp24,math,MATH 144,2024-02-17 08:00:00,2024-04-01 06:00:00,0.0,35.0,0.0,0.5800000000000001
1.25,0.08,0.0,0.08,1.17,0.0,Sp24,math,MATH 183,2024-02-17 08:00:00,2024-04-01 06:00:00,9.0,216.0,0.0416666666666666,2.58
1.08,0.25,0.33,-0.08,1.75,0.83,Sp24,math,MATH 154,2024-02-17 08:00:00,2024-04-01 06:00:00,11.0,324.0,0.0339506172839506,4.16
0.0,0.0,0.0,0.0,0.0,0.0,Sp24,math,MATH 112B,2024-02-17 08:00:00,2024-04-01 06:00:00,0.0,27.0,0.0,0.0
0.83,0.0,0.08,0.0,0.08,0.08,Sp24,math,MATH 3C,2024-02-17 08:00:00,2024-04-01 06:00:00,31.0,180.0,0.1722222222222222,1.0699999999999998
3.08,0.25,0.08,0.08,0.25,0.0,Sp24,math,MATH 20C,2024-02-17 08:00:00,2024-04-01 06:00:00,19.0,820.0,0.023170731707317,3.74
0.17,0.0,0.08,0.0,0.0,0.0,Sp24,math,MATH 150B,2024-02-17 08:00:00,2024-04-01 06:00:00,0.0,35.0,0.0,0.25
2.5,0.25,0.08,0.0,0.25,0.08,Sp24,math,MATH 11,2024-02-17 08:00:00,2024-04-01 06:00:00,41.0,489.0,0.0838445807770961,3.16
2.67,0.08,0.25,0.0,0.08,-0.08,Sp24,math,MATH 20B,2024-02-17 08:00:00,2024-04-01 06:00:00,4.0,502.0,0.0079681274900398,3.0
0.08,0.0,0.0,-0.08,0.92,0.08,Sp24,math,MATH 170A,2024-02-17 08:00:00,2024-04-01 06:00:00,6.0,143.0,0.0419580419580419,1.0
0.42,0.08,0.0,0.0,1.08,0.08,Sp24,math,MATH 170C,2024-02-17 08:00:00,2024-04-01 06:00:00,0.0,70.0,0.0,1.6600000000000001
0.92,0.17,0.08,0.0,0.0,0.0,Sp24,math,MATH 20A,2024-02-17 08:00:00,2024-04-01 06:00:00,0.0,285.0,0.0,1.1700000000000002
0.17,0.25,0.42,-0.08,1.67,0.33,Sp24,math,MATH 170B,2024-02-17 08:00:00,2024-04-01 06:00:00,1.0,140.0,0.0071428571428571,2.7600000000000002
0.67,0.25,0.08,0.0,1.92,0.08,Sp24,math,MATH 171B,2024-02-17 08:00:00,2024-04-01 06:00:00,0.0,140.0,0.0,3.0
2.17,0.25,0.25,0.0,1.25,0.33,Sp24,math,MATH 20E,2024-02-17 08:00:00,2024-04-01 06:00:00,8.0,634.0,0.0126182965299684,4.25
1.58,0.17,0.0,0.0,0.42,0.25,Sp24,math,MATH 20D,2024-02-17 08:00:00,2024-04-01 06:00:00,2.0,555.0,0.0036036036036036,2.42
3.17,1.17,0.17,0.0,0.5,0.0,Sp24,math,MATH 189,2024-02-17 08:00:00,2024-04-01 06:00:00,113.0,216.0,0.5231481481481481,5.01
0.42,0.0,0.0,0.0,0.0,0.0,Sp24,math,MATH 163,2024-02-17 08:00:00,2024-04-01 06:00:00,29.0,34.0,0.8529411764705882,0.42
0.0,0.0,0.08,0.0,0.0,0.0,Sp24,math,MATH 188,2024-02-17 08:00:00,2024-04-01 06:00:00,0.0,35.0,0.0,0.08
3.83,0.25,0.0,0.08,0.42,0.25,Sp24,math,MATH 10B,2024-02-17 08:00:00,2024-04-01 06:00:00,4.0,838.0,0.0047732696897374,4.83
0.92,0.17,0.0,0.0,2.08,0.25,Sp24,math,MATH 110,2024-02-17 08:00:00,2024-04-01 06:00:00,17.0,90.0,0.1888888888888888,3.42
2.25,0.08,0.08,0.0,1.25,0.25,Sp24,math,MATH 10C,2024-02-17 08:00:00,2024-04-01 06:00:00,14.0,498.0,0.0281124497991967,3.91
0.08,0.0,0.0,0.08,0.17,0.08,Sp24,math,MATH 121B,2024-02-17 08:00:00,2024-04-01 06:00:00,0.0,30.0,0.0,0.41000000000000003
0.0,0.0,0.0,0.0,0.0,0.0,Sp24,math,MATH 31CH,2024-02-17 08:00:00,2024-04-01 06:00:00,0.0,35.0,0.0,0.0
0.17,0.17,0.0,0.0,0.5,0.08,Sp24,math,MATH 140B,2024-02-17 08:00:00,2024-04-01 06:00:00,0.0,70.0,0.0,0.92
2.75,0.25,0.08,0.08,0.67,0.08,Sp24,math,MATH 10A,2024-02-17 08:00:00,2024-04-01 06:00:00,18.0,468.0,0.0384615384615384,3.91
0.0,0.25,0.25,0.0,0.42,0.08,Sp24,math,MATH 140C,2024-02-17 08:00:00,2024-04-01 06:00:00,0.0,70.0,0.0,0.9999999999999999
0.25,0.17,0.0,0.0,0.5,0.08,Sp24,math,MATH 100C,2024-02-17 08:00:00,2024-04-01 06:00:00,0.0,70.0,0.0,1.0
0.33,0.08,0.08,0.0,1.08,0.08,Sp24,math,MATH 102,2024-02-17 08:00:00,2024-04-01 06:00:00,13.0,200.0,0.065,1.6500000000000001
0.25,0.08,0.17,0.08,0.42,0.17,Sp24,math,MATH 120B,2024-02-17 08:00:00,2024-04-01 06:00:00,0.0,70.0,0.0,1.17
